application_mode,daytime_evening_attendance_t,application_order,previous_qualification,previous_qualification_grade,admission_grade
17,1,5,1,122.0,127.3
15,1,1,1,160.0,142.5
1,1,5,1,122.0,124.8
17,1,2,1,122.0,119.6
39,0,1,1,100.0,141.5
39,0,1,19,133.1,114.8
1,1,1,1,142.0,128.4
18,1,4,1,119.0,113.1
1,1,3,1,137.0,129.3
1,1,1,1,138.0,123.0
1,1,1,1,139.0,130.6
1,1,1,1,136.0,119.3
1,1,2,1,133.0,130.2
53,1,1,42,110.0,111.8
1,1,1,1,149.0,137.1
1,1,1,1,127.0,120.7
18,1,1,1,137.0,137.4
17,1,2,1,135.0,127.3
1,1,1,1,137.0,136.3
1,1,1,1,140.0,124.6
1,1,3,1,122.0,120.3
18,1,4,1,127.0,121.8
1,1,4,1,142.0,125.5
1,1,4,1,125.0,114.9
1,1,1,1,126.0,123.9
1,1,1,1,151.0,157.0
17,1,2,1,115.0,116.4
1,1,1,1,138.0,131.0
1,1,1,1,135.0,122.1
17,1,2,1,127.0,118.8
44,1,1,39,150.0,150.0
51,1,1,1,125.0,130.0
1,1,1,1,143.0,138.8
18,0,1,1,138.0,134.5
1,0,1,1,130.0,131.4
39,1,1,1,130.0,102.5
39,1,1,10,133.1,128.8
43,1,1,1,140.0,122.9
39,0,1,1,120.0,113.9
44,1,1,39,120.0,120.0
1,1,5,1,126.0,121.1
1,1,2,1,133.0,120.4
1,1,6,1,103.0,100.6
17,1,1,1,120.0,121.4
39,0,1,1,133.1,109.7
17,0,1,1,154.0,134.1
17,1,2,1,130.0,127.6
17,1,6,1,132.0,132.4
44,0,1,39,130.0,133.4
1,1,1,1,139.0,126.1
39,1,1,1,130.0,113.5
1,1,1,1,139.0,121.3
1,1,1,1,127.0,121.8
1,1,3,1,167.0,159.3
39,0,1,1,130.0,120.0
1,1,1,1,130.0,129.1
7,1,1,3,130.0,130.0
39,1,1,40,129.0,155.3
17,1,1,1,141.0,139.8
1,1,3,1,125.0,115.2
1,1,2,1,125.0,114.9
44,1,1,39,130.0,131.9
17,1,3,1,133.0,126.0
17,1,1,1,127.0,130.2
43,1,1,1,116.0,120.9
42,1,1,19,133.1,126.0
1,1,3,1,139.0,128.2
44,1,1,39,130.0,130.0
1,1,3,1,125.0,120.1
39,1,1,1,160.0,100.0
17,1,1,1,148.0,134.0
17,1,1,1,150.0,130.8
1,1,1,1,141.0,135.8
17,1,4,1,118.0,111.7
1,1,2,1,142.0,132.9
17,1,3,1,120.0,115.5
18,1,4,1,106.0,106.0
17,1,4,1,121.0,120.3
17,1,4,1,150.0,130.8
39,0,1,1,120.0,117.0
1,1,6,1,114.0,110.2
39,0,1,2,140.0,155.7
39,1,1,4,160.0,180.4
17,1,1,1,120.0,125.5
39,0,1,1,130.0,110.0
42,1,1,1,160.0,161.0
39,1,1,1,120.0,100.0
17,1,1,1,124.0,117.6
1,1,6,1,143.0,128.7
43,1,2,1,115.0,112.2
39,1,1,1,133.1,100.8
17,1,2,1,133.1,105.0
15,1,1,1,133.1,100.0
39,1,1,10,133.1,115.5
39,0,1,1,133.1,114.0
15,1,1,1,130.0,137.0
1,1,5,1,135.0,124.9
1,1,5,1,132.0,120.3
1,1,1,1,135.0,134.3
1,1,4,1,115.0,111.5
53,1,1,42,130.0,128.8
1,1,4,1,133.1,110.0
39,0,1,1,130.0,113.5
39,1,1,12,133.1,160.0
18,1,1,1,123.0,117.4
51,1,1,1,130.0,122.2
1,1,2,1,122.0,118.2
1,1,1,1,113.0,106.7
1,1,5,1,111.0,108.2
17,1,2,1,133.1,107.0
1,1,1,1,142.0,136.1
17,1,2,1,123.0,115.3
1,1,1,1,131.0,139.8
1,1,3,1,158.0,157.0
17,1,2,1,122.0,131.0
43,1,1,1,130.0,100.0
17,1,1,1,154.0,140.4
17,1,1,1,120.0,113.4
1,1,2,1,140.0,137.0
1,1,1,1,127.0,121.8
17,1,1,1,133.1,131.0
1,1,2,1,120.0,118.6
1,1,1,1,137.0,122.3
1,1,1,1,131.0,127.9
1,1,1,1,130.0,121.3
17,1,6,1,122.0,117.1
44,1,1,39,160.0,160.0
1,1,1,1,146.0,145.3
17,1,3,1,131.0,122.6
17,1,6,1,132.0,128.0
1,1,3,1,138.0,124.9
17,1,2,1,130.0,123.7
1,1,4,1,126.0,120.1
17,1,6,1,148.0,131.7
43,1,1,1,130.0,133.2
1,1,1,1,117.0,109.3
17,1,1,1,120.0,113.0
1,1,1,1,153.0,157.9
1,1,2,1,117.0,112.1
18,1,1,1,178.0,174.7
1,1,5,1,129.0,128.8
1,1,6,1,116.0,110.1
51,1,1,1,99.0,99.7
1,1,3,1,135.0,121.0
1,1,3,1,141.0,131.7
17,1,5,1,132.0,119.1
1,1,4,1,132.0,124.7
17,1,1,1,113.0,117.2
1,1,1,1,134.0,128.8
1,1,1,1,136.0,131.5
1,1,1,1,136.0,121.7
1,1,1,1,129.0,123.4
17,1,1,1,138.0,124.7
1,1,1,1,137.0,132.8
43,1,1,1,115.0,108.7
1,1,1,1,129.0,138.1
1,1,1,1,131.0,126.5
17,1,2,1,133.0,127.4
1,1,3,1,125.0,123.6
39,0,1,1,120.0,122.0
1,1,1,1,128.0,118.2
1,1,1,1,127.0,123.9
1,1,2,1,134.0,125.8
17,1,5,1,132.0,123.3
17,1,2,1,124.0,124.4
17,1,1,1,133.1,126.0
39,1,1,1,170.0,170.0
17,1,3,1,125.0,121.5
39,1,1,3,130.0,130.0
43,1,1,1,125.0,117.0
39,1,1,1,130.0,130.0
17,1,2,1,133.1,108.0
17,1,1,1,131.0,132.3
42,0,1,1,150.0,148.0
17,1,2,1,125.0,122.6
1,1,1,1,131.0,123.0
39,1,1,1,130.0,102.5
1,1,2,1,123.0,113.3
1,1,5,1,141.0,133.0
7,1,1,3,140.0,140.0
43,1,1,1,140.0,128.3
44,0,1,39,140.0,140.0
39,1,1,19,133.1,104.0
18,1,3,1,131.0,122.3
17,1,2,1,143.0,135.0
18,1,2,1,132.0,119.1
43,1,1,1,143.0,126.6
17,1,3,1,141.0,129.0
39,1,1,1,133.1,162.3
17,1,4,1,148.0,163.4
1,1,1,1,125.0,121.5
1,0,1,1,120.0,122.8
39,1,1,1,140.0,118.0
51,1,1,1,139.0,134.0
1,1,4,1,142.0,129.8
39,0,1,40,130.0,152.0
18,1,6,1,126.0,122.8
7,1,1,3,150.0,150.0
1,1,1,1,130.0,131.8
39,1,1,1,120.0,105.9
1,1,1,1,138.0,132.1
1,1,4,1,127.0,127.4
1,1,4,1,140.0,129.5
44,1,1,39,130.0,126.7
17,1,2,1,128.0,116.5
1,1,1,1,132.0,119.1
1,1,2,1,149.0,126.5
1,1,4,1,155.0,149.8
1,1,1,1,120.0,115.1
39,1,1,19,133.1,124.5
1,1,2,1,131.0,128.3
1,1,1,1,149.0,136.0
43,1,1,1,140.0,140.0
39,0,1,1,133.1,126.3
43,1,1,1,122.0,126.9
39,1,1,40,130.0,145.0
18,1,1,1,121.0,115.8
39,0,1,1,120.0,100.0
39,0,1,1,133.1,102.5
17,1,1,1,121.0,131.5
1,1,1,1,133.0,147.0
1,1,4,1,134.0,122.5
1,1,3,1,115.0,117.5
51,1,1,1,127.0,150.0
18,1,1,1,135.0,127.5
7,0,1,43,140.0,140.0
7,1,1,3,130.0,130.0
1,1,1,1,135.0,133.3
39,1,2,1,140.0,97.0
43,1,1,1,120.0,112.0
1,1,2,1,140.0,123.6
39,1,1,3,133.1,130.5
1,1,2,1,135.0,133.3
1,1,1,1,123.0,132.1
1,1,1,1,133.1,100.0
1,1,1,1,154.0,140.4
1,1,1,1,148.0,141.7
17,1,2,1,133.0,119.7
1,1,1,1,126.0,122.5
39,1,1,19,133.1,140.0
1,1,3,1,125.0,119.4
16,1,1,1,145.0,155.0
1,1,2,1,118.0,119.1
39,1,1,1,120.0,122.7
1,1,1,1,127.0,117.9
7,1,1,3,130.0,130.0
17,1,3,1,129.0,120.0
44,1,1,39,130.0,130.0
1,1,3,1,121.0,116.8
1,1,1,1,136.0,123.4
1,1,3,1,125.0,125.4
1,1,3,1,131.0,127.2
1,1,1,1,122.0,103.4
1,1,1,1,127.0,123.2
17,1,1,1,136.0,124.1
39,1,1,19,133.1,99.5
17,0,1,40,127.0,124.9
17,1,3,1,116.0,110.8
1,1,1,1,121.0,118.9
43,1,1,1,124.0,118.8
1,1,1,1,131.0,137.0
39,0,1,1,100.0,100.0
43,1,1,1,130.0,120.0
1,1,1,1,135.0,122.8
1,1,1,1,130.0,121.6
1,1,2,1,146.0,149.2
17,1,4,1,146.0,140.0
1,1,2,1,154.0,133.4
1,1,1,1,137.0,126.2
1,1,5,1,151.0,127.8
44,1,1,39,150.0,150.0
1,1,2,1,121.0,113.7
17,1,1,1,122.0,117.8
1,1,1,1,143.0,136.7
1,1,1,1,152.0,144.7
17,1,3,1,145.0,139.8
42,1,1,1,120.0,113.7
7,1,1,3,140.0,140.0
1,1,1,1,143.0,142.3
1,1,1,1,129.0,119.6
16,1,2,1,139.0,123.7
1,0,1,1,133.1,143.0
51,0,1,1,127.0,100.1
1,1,1,1,126.0,119.4
1,0,1,1,128.0,122.1
39,1,1,12,100.0,100.0
17,1,1,1,123.0,113.9
39,0,1,15,170.0,101.0
18,0,2,1,117.0,111.8
39,1,1,1,140.0,140.0
17,1,4,1,123.0,124.4
44,1,1,39,150.0,150.0
44,1,1,39,140.0,140.0
17,1,4,1,123.0,116.0
1,1,1,1,130.0,135.6
1,1,1,1,137.0,121.0
17,1,2,1,126.0,118.7
1,1,1,1,125.0,125.7
17,1,4,1,112.0,107.1
1,1,1,1,141.0,125.5
17,1,4,1,135.0,127.0
1,1,2,1,117.0,113.5
1,1,1,1,160.0,154.4
51,1,1,1,136.0,122.0
17,1,2,1,143.0,128.0
1,1,1,1,119.0,115.5
17,1,4,1,120.0,117.2
39,1,1,3,150.0,150.0
1,1,3,1,142.0,155.3
44,1,1,39,120.0,120.0
51,1,1,1,160.0,116.1
17,1,1,1,133.1,118.9
17,1,2,1,142.0,127.3
17,1,4,1,121.0,113.7
51,1,1,1,135.0,118.5
1,1,1,1,153.0,146.7
1,1,1,1,140.0,124.3
1,1,1,1,152.0,137.8
1,1,1,1,120.0,130.2
17,1,1,1,160.0,147.8
7,1,1,40,150.0,150.0
42,1,1,1,100.0,100.0
1,1,1,1,150.0,155.6
43,1,4,1,124.0,117.4
5,1,3,1,141.0,128.8
1,1,1,1,121.0,117.5
43,1,1,6,134.0,120.4
1,1,1,1,134.0,130.9
1,1,1,1,132.0,125.0
1,1,1,1,135.0,136.8
1,1,1,1,123.0,121.6
44,1,1,39,151.0,151.0
1,1,1,1,107.0,103.5
1,0,1,1,126.0,119.4
1,1,1,1,133.0,134.4
44,1,1,39,140.0,143.0
7,1,1,40,110.0,110.0
1,1,4,1,141.0,132.5
17,1,1,1,122.0,114.7
17,1,1,1,156.0,166.9
1,1,1,1,129.0,125.9
1,1,1,1,188.0,178.3
39,0,1,1,120.0,117.0
39,1,1,3,130.0,150.0
42,1,1,1,130.0,130.0
1,1,1,1,140.0,135.1
43,1,1,1,110.0,110.0
39,0,1,1,133.1,136.2
39,1,1,1,120.0,116.0
1,0,2,1,96.0,100.0
1,1,1,1,117.0,116.3
43,1,1,1,123.0,134.0
1,1,4,1,127.0,124.2
1,1,1,1,151.0,134.5
1,1,1,1,127.0,120.7
17,1,1,1,133.0,127.1
39,1,1,19,133.1,133.0
39,0,1,1,133.1,128.2
39,1,1,1,133.1,130.0
39,1,1,43,160.0,172.0
17,1,4,1,140.0,128.5
1,1,1,1,146.0,128.5
17,1,4,1,112.0,112.0
53,1,1,42,140.0,142.5
1,1,4,1,136.0,133.0
1,1,1,1,133.1,106.0
1,1,4,1,136.0,125.5
17,1,1,1,134.0,131.2
1,1,1,1,122.0,112.9
1,1,6,1,138.0,124.8
43,0,1,1,160.0,140.9
39,0,1,1,130.0,148.0
17,1,1,1,161.0,148.4
39,0,1,1,140.0,129.7
39,1,1,19,133.1,128.2
51,0,1,19,133.1,104.0
18,1,4,1,130.0,119.9
1,1,1,1,152.0,141.0
17,1,1,1,125.0,116.6
44,1,1,39,140.0,140.0
39,1,1,19,133.1,140.0
43,1,1,1,170.0,100.0
1,1,1,1,135.0,121.0
1,1,1,1,125.0,117.0
53,1,1,42,140.0,140.2
1,1,1,1,124.0,129.3
1,1,1,1,140.0,145.3
39,0,1,3,130.0,146.2
17,1,1,1,134.0,122.5
44,0,1,39,160.0,156.1
44,1,1,39,140.0,140.0
39,1,1,1,150.0,140.0
1,1,6,1,141.0,128.4
17,1,2,1,120.0,115.0
17,1,2,1,166.0,158.7
1,1,4,1,147.0,124.5
51,1,1,1,121.0,111.9
44,1,1,39,150.0,150.0
17,1,1,1,124.0,114.2
17,1,1,1,96.0,96.0
17,1,4,1,125.0,128.9
17,1,1,1,136.0,121.7
1,1,1,1,120.0,114.8
1,1,1,1,128.0,127.0
17,1,1,1,142.0,131.3
1,1,1,1,135.0,137.1
7,1,1,40,120.0,120.0
39,0,1,40,140.0,139.0
17,1,1,1,135.0,129.1
39,1,1,1,133.1,128.2
1,1,2,1,137.0,120.8
39,1,1,3,122.0,135.8
1,1,3,1,128.0,118.9
7,0,1,40,140.0,140.0
1,1,1,1,132.0,127.1
1,1,1,1,131.0,137.0
1,1,1,1,126.0,127.4
1,1,1,1,133.1,97.0
1,1,4,1,136.0,126.3
1,1,4,1,140.0,127.5
1,1,1,1,135.0,126.6
42,0,1,1,160.0,120.0
44,1,1,39,140.0,140.0
1,1,6,1,140.0,131.5
17,1,6,1,115.0,112.2
1,1,1,1,144.0,150.5
1,1,4,1,128.0,121.0
17,1,1,1,116.0,112.2
1,1,2,1,135.0,129.4
17,1,1,1,121.0,114.4
1,1,3,1,134.0,120.3
39,0,1,1,120.0,120.0
17,1,2,1,125.0,114.5
1,1,1,1,141.0,127.8
1,1,1,1,140.0,124.6
1,1,6,1,144.0,130.3
17,1,1,1,122.0,118.2
1,1,1,1,130.0,118.8
1,1,5,1,133.1,133.0
39,1,1,19,133.1,129.0
43,1,1,1,147.0,100.0
43,1,1,1,127.0,120.7
17,1,6,1,136.0,132.5
1,1,5,1,127.0,120.3
17,1,1,1,123.0,114.6
1,1,1,1,128.0,116.5
1,1,1,1,128.0,127.8
1,1,2,1,140.0,129.9
1,1,2,1,121.0,118.9
1,1,3,1,122.0,114.3
18,1,1,1,126.0,114.8
1,1,4,1,135.0,123.0
1,1,2,1,131.0,122.1
17,1,4,1,140.0,123.7
1,1,3,1,131.0,132.4
39,0,1,1,130.0,114.8
7,1,1,3,130.0,130.0
43,1,1,1,140.0,122.3
39,1,1,1,130.0,152.4
17,1,1,1,125.0,120.1
1,1,1,1,160.0,155.1
51,1,1,1,130.0,124.5
17,1,1,1,144.0,126.9
39,1,1,19,133.1,153.2
17,1,1,1,148.0,129.8
43,0,1,1,133.1,135.0
1,1,1,1,133.0,131.3
43,1,6,1,129.0,125.2
1,1,5,1,144.0,141.3
17,1,1,1,120.0,117.1
17,1,3,1,144.0,126.5
1,1,1,1,132.0,120.1
1,1,1,1,142.0,128.4
1,1,2,1,136.0,140.0
39,1,1,9,133.1,110.0
1,1,1,1,122.0,116.8
1,1,2,1,133.1,104.5
7,1,1,3,140.0,140.0
1,1,1,1,117.0,113.2
17,1,1,1,128.0,118.6
1,1,1,1,136.0,123.8
18,1,6,1,141.0,126.7
1,1,3,1,130.0,133.8
44,1,1,39,140.0,140.0
1,1,3,1,102.0,100.6
17,1,1,1,126.0,132.7
43,1,2,1,125.0,106.6
39,1,1,1,120.0,140.4
17,1,3,1,132.0,128.3
1,1,3,1,128.0,118.6
1,1,1,1,115.0,123.4
1,1,1,1,125.0,124.0
1,1,6,1,137.0,121.3
1,1,1,1,101.0,101.0
1,1,1,1,126.0,116.9
7,1,3,3,130.0,130.0
39,1,1,19,100.0,120.0
17,1,1,1,122.0,130.4
17,1,1,1,126.0,118.7
17,1,1,1,128.0,131.5
17,1,3,1,134.0,120.4
17,1,2,1,128.0,129.1
1,1,1,1,125.0,132.0
7,1,2,3,130.0,130.0
1,1,2,1,135.0,132.8
39,1,1,19,133.1,143.7
39,1,1,1,140.0,152.8
1,1,2,1,138.0,133.5
1,1,1,1,150.0,146.2
1,1,2,1,125.0,115.2
1,1,2,1,121.0,120.7
39,0,1,1,120.0,101.8
39,1,2,1,140.0,100.0
39,0,1,1,100.0,121.9
18,0,2,1,140.0,120.4
18,1,2,1,140.0,120.4
39,1,1,1,120.0,148.8
17,1,2,1,138.0,123.0
39,0,1,19,133.1,100.0
17,1,2,1,118.0,112.1
1,1,6,1,135.0,126.8
17,1,1,1,130.0,115.9
15,1,1,1,150.0,132.5
18,1,3,1,149.0,132.2
1,1,1,1,180.0,183.5
43,1,1,1,133.1,136.0
39,1,1,19,133.1,100.9
39,1,1,1,145.0,114.5
39,1,1,1,110.0,110.3
1,1,1,1,154.0,137.2
17,1,1,1,126.0,116.9
17,1,1,1,133.0,121.8
1,1,2,1,145.0,127.3
44,1,1,39,120.0,120.0
44,1,1,39,150.0,150.0
43,0,1,1,150.0,100.0
39,1,1,1,150.0,150.0
17,1,1,1,127.0,116.9
44,1,1,39,140.0,140.0
18,1,3,1,128.0,122.1
39,1,1,1,127.0,160.0
1,1,1,1,117.0,118.4
44,1,1,39,150.0,150.0
1,1,1,1,154.0,144.9
17,1,2,1,127.0,121.1
1,1,2,1,133.0,121.8
39,1,1,40,120.0,146.8
1,1,1,1,133.1,138.0
1,1,1,1,149.0,138.0
17,1,2,1,125.0,116.3
1,1,5,1,126.0,122.5
39,1,1,19,133.1,115.0
43,1,1,1,115.0,115.0
17,1,3,1,117.0,119.8
17,1,2,1,133.1,95.0
44,1,1,39,150.0,150.0
17,1,1,1,130.0,117.8
1,1,1,1,161.0,144.2
44,1,1,39,130.0,130.0
42,1,1,1,111.0,128.2
53,1,1,42,140.0,135.3
1,1,1,1,132.0,143.9
39,0,1,1,139.0,140.7
1,1,1,1,132.0,130.4
1,1,6,6,119.0,123.2
39,1,1,1,133.1,118.0
39,1,1,19,133.1,120.0
17,1,4,1,129.0,118.9
17,1,1,1,128.0,117.2
39,1,1,1,120.0,120.0
1,0,1,1,130.0,118.1
1,1,1,1,130.0,124.8
17,1,6,1,111.0,106.5
1,1,6,1,121.0,116.8
43,1,4,1,117.0,109.3
39,1,1,9,133.1,120.0
1,1,2,1,149.0,137.5
39,0,2,1,172.0,150.0
1,1,1,1,134.0,120.4
1,1,4,1,136.0,136.7
39,0,1,1,133.1,118.5
17,1,5,1,141.0,133.0
17,1,1,1,141.0,128.8
1,1,1,1,148.0,133.0
17,1,1,1,102.0,102.0
1,1,1,1,143.0,133.9
17,1,1,1,120.0,127.0
17,1,1,1,121.0,120.4
1,1,3,1,122.0,124.5
1,1,4,1,122.0,123.9
1,1,2,1,123.0,117.8
1,1,1,1,133.0,126.7
44,1,1,39,110.0,110.0
17,1,1,1,155.0,134.7
17,1,1,1,119.0,113.2
39,0,1,3,120.0,141.0
17,1,1,1,133.1,111.5
39,1,1,1,143.0,140.0
17,1,1,1,149.0,134.3
17,1,1,1,133.0,125.3
7,1,1,3,140.0,140.0
17,1,5,1,122.0,119.6
7,1,1,40,170.0,170.0
39,0,1,1,120.0,150.5
1,1,1,1,143.0,128.0
1,1,3,1,115.0,108.7
17,1,1,1,123.0,121.6
1,1,6,1,131.0,125.3
17,1,1,1,127.0,117.6
43,1,3,1,126.0,124.3
1,1,2,1,112.0,106.1
1,0,1,1,150.0,139.9
1,1,1,1,116.0,110.8
17,1,3,1,118.0,118.0
1,1,1,1,130.0,117.8
1,1,6,1,144.0,127.5
17,1,2,3,105.0,129.7
17,1,1,1,143.0,130.6
17,1,2,1,137.0,126.3
44,1,1,39,140.0,140.0
1,1,1,1,133.1,105.0
17,1,2,1,116.0,114.6
17,1,5,1,117.0,114.6
17,1,1,1,137.0,131.0
17,1,4,1,116.0,109.0
1,1,1,1,133.1,132.0
44,0,1,39,130.0,130.0
1,1,3,1,106.0,109.5
17,1,2,1,125.0,115.9
1,1,1,1,134.0,131.6
39,1,1,1,133.1,120.0
1,1,2,1,117.0,109.7
1,1,1,1,136.0,136.4
39,1,1,1,120.0,120.0
1,1,1,1,135.0,132.6
17,1,5,1,122.0,112.9
1,1,5,1,147.0,134.3
39,0,1,1,120.0,123.2
17,1,3,1,121.0,117.2
18,1,1,1,135.0,129.8
39,1,1,1,130.0,158.0
1,1,6,1,128.0,116.5
1,1,1,1,129.0,121.0
1,1,3,1,143.0,133.8
1,1,2,1,108.0,115.0
1,1,1,1,130.0,131.8
1,1,1,1,135.0,121.0
39,0,1,3,140.0,152.4
43,1,2,1,120.0,110.2
1,1,1,1,117.0,113.5
17,1,1,1,151.0,144.4
53,1,1,42,140.0,143.3
39,1,1,19,133.1,100.0
44,1,1,39,130.0,126.3
1,1,1,1,125.0,115.9
1,1,4,1,125.0,114.9
1,1,1,1,135.0,121.0
51,0,1,1,121.0,112.3
43,1,1,1,141.0,127.0
39,1,1,1,130.0,120.0
44,1,1,39,180.0,180.0
1,1,1,1,117.0,117.4
17,1,4,1,127.0,115.8
1,1,3,1,126.0,136.5
17,1,3,1,143.0,129.0
1,1,1,1,144.0,137.6
17,1,2,1,126.0,129.5
51,1,1,39,140.0,129.1
17,1,5,1,148.0,130.2
42,1,1,1,100.0,134.3
1,1,1,1,151.0,138.4
42,0,1,1,120.0,120.0
1,1,4,1,135.0,123.5
1,1,2,1,121.0,116.1
1,1,1,1,116.0,110.8
17,1,1,1,147.0,142.8
17,1,4,1,160.0,155.5
1,1,1,1,133.0,126.7
39,1,1,19,100.0,163.5
1,1,1,1,151.0,161.9
17,1,2,1,124.0,123.3
44,1,1,39,140.0,137.5
18,1,4,1,170.0,166.6
39,1,1,19,133.1,103.5
39,1,1,19,133.1,110.0
43,0,1,1,100.0,128.2
39,1,1,39,120.0,137.7
17,1,3,1,133.0,128.8
39,0,1,1,120.0,170.0
39,1,2,19,133.1,116.4
39,1,1,19,133.1,100.9
43,1,1,1,133.1,136.0
1,1,1,1,140.0,130.0
39,1,1,1,100.0,100.0
39,1,1,19,133.1,157.0
1,1,1,1,143.0,152.1
1,0,1,1,165.0,162.9
1,1,1,1,154.0,137.2
44,1,1,39,140.0,140.0
43,1,1,1,140.0,146.5
44,1,1,39,130.0,130.0
39,1,1,19,133.1,128.0
7,1,1,4,190.0,190.0
39,0,1,1,120.0,133.2
39,1,1,12,100.0,124.3
39,0,1,1,120.0,138.1
39,0,1,1,133.1,144.3
39,1,1,1,150.0,140.0
39,1,1,1,120.0,148.3
39,0,1,1,133.1,96.0
39,0,1,19,133.1,121.7
39,1,1,1,100.0,160.0
39,1,1,1,133.1,110.3
1,1,1,1,143.0,129.0
39,1,1,1,120.0,150.0
43,0,1,1,161.0,100.0
39,1,1,9,133.1,107.5
39,1,1,1,140.0,170.0
42,0,1,6,123.0,123.0
43,1,1,1,142.0,138.5
43,1,1,19,133.1,140.0
1,1,1,1,115.0,113.6
1,1,1,1,156.0,170.0
39,0,1,1,140.0,115.5
7,1,3,3,130.0,130.0
7,1,1,3,140.0,140.0
51,1,1,1,140.0,126.6
39,0,1,1,133.1,143.2
1,1,2,1,131.0,131.4
43,1,1,1,141.0,133.3
1,1,1,1,120.0,118.3
44,1,1,39,140.0,140.0
1,1,1,1,132.0,124.7
39,1,2,1,130.0,140.0
39,1,1,1,140.0,150.0
17,1,2,1,110.0,115.6
43,1,1,1,140.0,116.9
17,1,2,1,130.0,123.4
1,1,1,1,137.0,146.5
51,1,1,1,158.0,117.1
1,1,1,1,124.0,113.9
1,1,1,1,136.0,128.7
17,1,3,1,142.0,132.9
39,0,1,1,150.0,123.0
39,1,1,12,120.0,129.8
43,1,1,1,149.0,156.1
51,1,1,39,130.0,120.0
43,1,1,1,110.0,117.2
39,1,1,6,133.1,107.0
1,1,2,1,134.0,128.4
1,1,2,1,130.0,123.4
1,1,1,1,141.0,126.7
42,1,1,1,123.0,123.0
39,0,1,19,133.1,137.2
1,1,3,1,122.0,125.9
1,1,4,1,132.0,138.0
15,1,1,1,133.1,128.2
43,0,1,1,130.0,126.5
1,1,1,1,111.0,112.4
43,1,2,1,133.1,109.0
17,1,1,1,125.0,100.0
5,1,1,1,137.0,144.7
43,0,3,19,100.0,120.0
15,1,1,1,133.1,100.0
44,0,1,39,150.0,154.0
1,1,4,1,120.0,111.3
44,1,1,39,150.0,150.0
7,0,1,40,133.1,100.0
39,0,1,1,133.1,162.5
17,1,5,1,132.0,134.1
1,1,1,1,134.0,133.0
17,1,6,1,126.0,119.0
1,1,3,1,136.0,131.1
1,1,2,1,129.0,129.4
1,1,1,1,126.0,123.9
44,1,1,39,140.0,140.0
43,1,1,1,162.0,162.0
1,1,1,1,148.0,131.6
17,1,1,1,119.0,110.6
17,1,3,1,123.0,117.4
17,1,1,1,150.0,137.8
17,1,1,1,113.0,106.7
1,1,1,1,152.0,156.9
1,1,3,1,154.0,129.0
1,1,2,1,130.0,124.8
1,1,1,1,121.0,115.1
1,1,1,1,153.0,146.7
1,1,1,1,148.0,132.8
5,1,3,1,143.0,159.1
17,1,3,1,147.0,137.6
17,1,1,1,138.0,124.0
39,1,1,1,120.0,149.0
17,1,1,1,145.0,129.6
17,1,3,1,118.0,110.0
1,1,3,1,121.0,116.1
1,1,3,1,135.0,133.3
44,1,1,1,140.0,144.3
18,1,3,1,145.0,133.6
1,1,1,1,133.0,123.2
1,1,1,1,127.0,137.2
53,1,1,42,130.0,130.0
1,1,2,1,117.0,110.0
17,1,4,1,125.0,118.0
1,1,1,1,141.0,128.4
1,1,3,1,122.0,113.6
17,1,2,1,118.0,113.5
17,1,3,1,142.0,146.9
1,1,1,1,143.0,141.3
1,1,4,1,143.0,129.7
1,1,5,1,123.0,121.3
1,1,1,1,115.0,109.1
17,1,2,1,112.0,107.1
17,1,1,1,135.0,129.2
1,1,1,1,162.0,154.1
1,1,1,1,143.0,147.2
51,1,1,1,130.0,120.0
17,1,1,1,136.0,130.8
16,1,1,1,125.0,120.8
17,1,2,1,132.0,125.4
1,0,1,1,123.0,121.3
1,1,1,1,142.0,127.0
1,1,3,1,147.0,151.6
1,1,1,1,140.0,131.6
1,1,2,1,133.1,106.0
18,1,4,1,114.0,111.6
17,1,3,1,125.0,117.3
17,1,1,1,127.0,121.4
1,1,3,1,132.0,126.1
1,1,4,1,148.0,137.0
43,1,1,1,139.0,120.8
17,1,1,1,136.0,128.7
39,1,1,9,133.1,118.0
43,1,1,1,120.0,120.0
39,1,1,1,130.0,160.0
39,1,1,1,110.0,150.0
1,1,3,1,133.0,121.8
17,1,3,1,138.0,125.4
51,1,1,1,131.0,126.6
44,1,1,39,150.0,150.0
1,1,1,1,125.0,114.5
1,1,1,1,108.0,107.0
17,1,1,1,116.0,115.7
39,1,1,1,133.1,120.0
1,1,3,1,147.0,134.8
1,1,1,1,143.0,133.6
1,1,1,1,115.0,129.0
39,0,1,1,160.0,128.4
17,1,1,1,118.0,122.2
1,1,1,1,122.0,113.3
17,1,6,1,143.0,129.9
1,1,6,1,133.0,126.2
5,1,2,1,122.0,112.6
1,1,1,1,164.0,149.0
39,1,1,1,133.1,120.0
17,1,4,1,127.0,120.4
1,1,3,1,140.0,128.1
1,1,1,1,127.0,141.7
39,1,1,12,133.1,130.0
5,1,4,1,115.0,113.3
1,1,1,1,108.0,105.9
18,1,2,1,136.0,122.7
39,1,2,12,133.1,120.0
44,1,1,39,120.0,119.8
39,1,1,1,133.1,122.9
44,1,1,39,160.0,160.0
1,1,4,1,128.0,125.2
39,1,1,3,130.0,143.4
39,1,1,19,133.1,96.7
18,1,1,1,137.0,126.9
1,1,1,1,163.0,143.1
1,1,1,1,125.0,114.5
39,1,1,1,120.0,140.0
42,0,1,1,150.0,113.7
1,1,1,1,135.0,131.5
1,1,1,1,148.0,143.5
1,1,1,1,138.0,126.8
17,1,1,1,119.0,115.2
39,1,2,1,130.0,100.0
1,1,2,1,135.0,121.4
44,1,1,39,120.0,120.0
17,1,2,1,126.0,129.9
1,1,1,1,149.0,151.1
39,1,1,1,110.0,120.0
39,1,1,1,133.1,130.0
16,1,2,1,127.0,119.0
42,1,1,6,120.0,122.0
16,1,6,1,136.0,129.7
43,1,2,1,110.0,112.5
1,1,1,1,136.0,136.0
1,1,3,1,145.0,133.1
1,1,2,1,159.0,151.3
39,1,1,1,147.0,133.3
43,1,1,1,150.0,130.8
7,0,1,3,140.0,140.0
42,1,1,39,150.0,150.0
44,0,1,39,130.0,130.0
17,1,1,1,120.0,125.3
43,1,1,39,130.0,124.0
1,1,1,1,112.0,113.8
17,1,1,1,128.0,124.4
17,1,1,1,114.0,107.7
43,1,2,1,118.0,110.0
7,1,1,3,130.0,130.0
1,1,2,1,145.0,138.8
1,1,2,1,121.0,126.3
1,1,3,1,114.0,114.5
1,1,4,1,127.0,116.5
17,1,2,1,145.0,128.6
17,1,5,1,130.0,130.0
1,1,1,1,150.0,134.6
1,1,1,1,145.0,146.8
1,1,1,1,128.0,135.7
39,0,1,1,140.0,120.0
39,0,1,1,130.0,138.0
39,1,1,1,140.0,135.5
15,1,1,1,120.0,120.0
39,0,1,1,147.0,111.7
39,0,1,9,133.1,100.0
44,1,1,39,160.0,160.0
39,0,1,1,133.1,114.8
39,0,1,19,140.0,131.0
39,0,1,1,133.1,97.0
17,1,6,1,131.0,131.7
39,1,1,19,133.1,120.0
39,0,1,1,120.0,110.0
39,1,1,1,130.0,133.0
7,1,1,3,140.0,140.0
39,0,1,1,133.1,100.0
39,1,1,1,140.0,129.3
1,1,1,1,133.1,137.0
1,1,5,1,125.0,122.2
1,1,1,1,115.0,108.0
7,1,1,3,110.0,110.0
39,1,1,1,140.0,127.7
39,1,1,1,100.0,121.3
1,1,3,1,145.0,140.1
39,1,1,19,133.1,114.8
44,0,1,39,150.0,150.0
1,1,1,1,145.0,131.7
39,0,1,19,133.1,110.0
1,1,3,1,110.0,105.5
1,1,1,1,128.0,127.3
39,1,1,19,133.1,130.0
7,1,1,3,130.0,130.0
16,1,1,1,137.0,122.7
17,1,2,1,123.0,113.9
1,1,1,1,156.0,151.1
17,1,2,1,133.1,125.8
43,1,1,1,100.0,128.2
39,1,1,1,140.0,135.1
39,0,1,1,130.0,120.2
39,0,1,1,133.1,132.8
44,1,1,39,140.0,140.0
18,1,5,1,137.0,129.3
42,1,1,1,120.0,108.2
17,1,4,1,125.0,125.4
17,1,1,1,130.0,140.2
1,1,3,1,115.0,116.1
1,1,1,1,150.0,137.8
1,1,3,1,134.0,128.4
39,1,1,1,120.0,106.0
43,1,1,1,141.0,130.2
1,1,1,1,133.0,126.0
1,1,2,1,149.0,141.0
1,1,1,1,121.0,113.0
44,1,1,39,120.0,120.0
39,0,1,1,148.0,130.9
39,1,1,12,133.1,120.0
39,0,1,1,135.0,134.1
39,1,1,1,150.0,120.0
43,1,1,1,130.0,114.8
42,1,1,1,133.1,123.0
39,1,2,19,133.1,118.0
43,1,1,1,110.0,100.0
39,0,1,1,170.0,151.1
17,1,3,1,120.0,116.9
39,1,1,19,133.1,106.0
1,1,1,1,139.0,127.1
39,0,1,19,133.1,155.5
18,1,1,1,133.1,101.0
42,1,1,6,120.0,128.2
39,0,1,1,100.0,113.0
1,1,1,1,134.0,122.8
39,0,1,1,130.0,145.6
1,1,1,1,128.0,116.5
1,1,1,1,154.0,142.0
7,1,1,4,150.0,150.0
17,1,1,1,134.0,133.3
1,1,1,1,127.0,115.8
17,1,2,1,133.1,100.0
17,1,1,1,130.0,128.6
1,1,1,1,135.0,137.1
1,1,1,1,143.0,149.0
44,1,2,39,150.0,147.0
7,1,1,3,150.0,150.0
39,0,1,1,130.0,103.5
1,1,3,1,113.0,107.8
44,1,1,39,130.0,130.0
17,1,1,1,115.0,109.4
1,1,3,1,146.0,143.6
17,1,3,1,132.0,124.3
1,1,5,1,116.0,119.5
1,1,1,1,163.0,175.6
17,1,2,1,122.0,116.1
17,1,2,1,136.0,126.6
17,1,1,1,142.0,130.8
17,1,6,1,139.0,133.5
53,1,1,42,140.0,136.9
1,1,1,1,165.0,142.3
17,1,3,1,122.0,114.3
1,1,2,1,135.0,122.9
17,1,1,1,128.0,117.2
17,1,1,1,139.0,152.0
1,1,2,1,125.0,122.2
18,1,2,1,102.0,101.7
17,1,1,1,116.0,119.9
17,1,1,1,138.0,123.7
51,1,1,1,135.0,121.8
17,1,4,1,110.0,106.1
17,1,3,1,132.0,124.3
1,1,2,1,126.0,124.3
44,1,1,39,117.4,117.4
43,1,2,1,120.0,112.7
17,1,1,1,116.0,123.7
18,1,2,1,111.0,105.8
17,1,3,1,128.0,124.2
1,1,1,1,123.0,122.3
1,1,5,1,131.0,123.7
17,1,2,1,135.0,129.8
1,1,4,1,136.0,123.8
1,1,2,1,132.0,126.4
1,1,1,1,120.0,115.1
1,1,1,1,144.0,138.4
17,1,1,1,129.0,118.2
17,1,1,1,136.0,121.7
1,1,3,1,125.0,118.0
17,1,1,1,125.0,119.8
1,1,1,1,154.0,164.9
42,1,1,1,100.0,100.0
1,1,1,1,124.0,121.6
17,1,4,1,126.0,120.4
18,1,6,1,124.0,117.8
43,1,1,1,150.0,110.0
1,1,6,1,133.0,128.8
1,1,5,1,126.0,116.6
7,0,1,40,120.0,120.0
1,1,3,1,175.0,157.5
1,1,6,1,141.0,136.3
1,1,1,1,133.0,121.5
1,1,1,1,143.0,133.9
1,1,1,1,141.0,136.8
17,1,2,1,134.0,133.5
17,1,3,1,138.0,130.0
44,1,1,39,140.0,140.0
1,1,2,1,142.0,132.7
1,1,1,1,118.0,117.8
1,1,2,1,131.0,126.1
1,1,1,1,130.0,120.0
39,1,1,12,133.1,100.0
1,1,1,1,130.0,116.8
53,1,1,42,130.0,128.3
1,1,1,1,133.1,117.0
39,0,1,1,130.0,131.5
1,1,1,1,149.0,134.8
1,1,1,1,163.0,146.6
7,0,1,40,130.0,130.0
1,1,6,1,145.0,127.5
1,1,1,1,130.0,123.0
43,1,1,1,128.0,100.0
1,1,2,1,111.0,114.2
1,1,1,1,140.0,123.5
44,1,1,39,140.0,144.3
1,1,1,1,145.0,142.2
1,1,1,1,151.0,161.9
1,1,1,1,132.0,135.9
1,1,2,1,116.0,110.1
2,1,1,1,120.0,122.5
17,1,1,1,158.0,138.1
43,1,1,1,116.0,117.3
1,1,2,1,112.0,106.8
1,1,1,1,126.0,120.1
1,1,2,1,120.0,116.5
51,1,1,1,117.0,120.0
1,1,1,1,153.0,139.7
1,1,2,1,124.0,123.7
17,1,2,1,127.0,116.5
17,1,1,1,126.0,122.2
1,1,1,1,133.1,146.0
17,1,2,1,114.0,108.8
43,1,1,1,133.0,133.0
17,1,1,1,130.0,123.8
17,1,3,1,127.0,120.0
17,1,3,1,143.0,126.9
18,1,4,1,130.0,121.3
17,1,3,1,136.0,129.0
1,1,1,1,125.0,114.9
17,1,1,3,110.0,106.5
1,1,1,1,130.0,133.9
1,1,1,1,135.0,124.9
1,1,2,1,133.0,128.5
1,1,1,6,122.0,126.2
17,1,1,1,122.0,121.7
1,1,2,1,121.0,120.0
43,1,1,1,123.0,113.2
1,1,1,1,128.0,120.3
1,1,4,1,139.0,127.8
1,1,2,1,124.0,123.3
1,1,3,1,135.0,126.3
51,0,1,42,110.0,128.2
17,1,4,1,138.0,134.9
44,1,1,39,140.0,140.0
1,1,5,1,126.0,115.5
1,1,2,1,113.0,106.7
39,0,1,1,120.0,140.0
1,1,1,1,145.0,136.6
18,1,1,1,124.0,119.3
1,1,1,1,160.0,152.0
1,1,1,1,138.0,144.3
39,1,2,1,130.0,159.0
17,1,1,1,127.0,129.5
39,1,1,1,170.0,140.0
1,1,3,1,111.0,105.4
42,1,1,1,100.0,136.0
44,1,1,39,160.0,160.0
1,1,1,1,152.0,139.1
1,1,2,1,144.0,126.9
39,1,1,3,133.8,184.0
1,1,1,1,125.0,125.0
1,1,1,1,150.0,138.5
17,1,5,1,143.0,133.5
1,1,3,1,145.0,141.5
42,1,1,1,120.0,130.0
1,1,1,1,138.0,131.0
1,1,1,1,145.0,145.0
17,1,1,1,122.0,114.3
44,1,1,39,110.0,108.3
1,1,3,1,136.0,125.2
1,1,1,1,145.0,131.7
17,1,4,1,141.0,126.3
1,1,1,1,149.0,147.6
1,1,6,1,130.0,125.1
17,1,6,1,121.0,123.8
1,1,1,1,128.0,130.8
1,1,1,1,152.0,154.1
16,1,2,1,132.0,122.6
1,0,2,1,107.0,103.5
1,1,1,1,131.0,132.8
51,0,1,1,141.0,100.0
18,1,2,1,120.0,115.8
1,1,1,1,148.0,133.8
1,1,1,1,130.0,118.5
17,1,1,1,145.0,150.3
17,1,3,1,112.0,107.8
1,1,1,1,138.0,127.5
1,1,3,1,135.0,120.5
1,1,1,1,118.0,117.3
17,1,1,1,123.0,120.6
16,1,4,1,126.0,118.7
1,1,2,1,150.0,130.8
1,1,1,1,121.0,112.6
39,0,1,19,133.1,117.2
7,1,1,40,130.0,130.0
17,1,3,1,139.0,131.8
39,0,1,1,160.0,97.0
39,1,1,1,110.0,130.0
39,0,1,40,140.0,148.0
39,1,2,3,130.0,103.4
43,1,2,1,132.0,127.1
17,1,2,1,139.0,124.0
1,1,1,1,135.0,121.4
1,1,1,1,117.0,118.1
17,1,4,1,137.0,121.3
42,1,1,1,144.0,119.5
39,0,1,1,130.0,115.2
18,1,1,1,140.0,130.2
17,1,4,1,130.0,130.0
16,1,2,1,130.0,126.9
1,1,2,1,152.0,168.5
39,1,1,1,133.1,130.0
18,1,1,1,140.0,122.8
39,1,1,1,133.1,110.0
16,1,1,1,140.0,127.1
1,1,3,1,133.1,108.5
53,1,1,42,140.0,138.2
1,1,2,1,133.1,96.0
1,1,1,1,135.0,124.5
7,1,1,3,120.0,120.0
17,1,1,1,140.0,132.3
17,1,1,1,128.0,120.7
1,1,1,1,141.0,132.6
7,1,2,3,140.0,140.0
1,1,6,1,139.0,124.5
1,1,1,1,142.0,142.0
7,1,1,40,130.0,130.0
39,1,1,1,130.0,144.0
17,1,1,1,125.0,128.5
7,1,1,3,140.0,140.0
42,1,1,1,120.0,113.9
1,1,1,1,147.0,137.2
7,1,1,40,140.0,140.0
1,1,1,1,161.0,152.3
39,0,1,19,133.1,112.5
39,1,2,1,150.0,101.0
1,1,6,1,113.0,112.3
39,1,1,1,140.0,114.0
7,1,1,3,130.0,130.0
43,1,2,1,120.0,121.5
39,1,1,19,133.1,120.0
7,0,1,3,130.0,130.0
39,1,1,1,120.0,125.7
43,1,1,1,140.0,128.0
17,1,1,1,123.0,113.2
39,1,1,19,133.1,120.0
1,1,1,1,130.0,117.8
1,1,4,1,126.0,121.3
1,1,1,1,176.0,169.7
17,1,4,1,124.0,117.7
44,0,1,39,120.0,121.8
1,1,2,1,140.0,128.3
18,1,2,1,143.0,132.2
1,1,2,1,136.0,134.3
1,1,1,1,132.0,123.4
39,0,1,19,133.1,121.7
39,0,1,19,100.0,130.0
1,1,3,1,137.0,126.5
17,1,1,1,153.0,159.7
1,1,1,1,160.0,151.3
17,1,1,1,145.0,138.0
1,1,5,1,137.0,126.5
53,1,1,42,140.0,140.0
1,1,1,1,120.0,112.3
1,1,1,1,122.0,127.3
7,1,1,3,130.0,130.0
17,1,2,1,133.1,115.0
17,1,6,1,150.0,131.5
39,0,1,1,133.1,125.7
1,1,6,1,141.0,126.8
18,1,1,1,146.0,132.4
44,1,1,39,150.0,150.0
1,1,1,1,133.1,95.0
43,0,1,1,120.0,128.2
39,1,1,1,150.0,130.0
39,1,1,19,133.1,100.0
42,1,1,39,140.0,159.9
43,0,1,1,140.0,100.0
39,1,1,1,133.1,116.5
1,1,1,1,128.0,120.0
1,1,3,1,117.0,117.0
53,1,1,42,140.0,140.0
1,1,2,1,124.0,118.1
1,1,1,1,158.0,153.5
43,1,1,1,137.0,127.9
17,1,3,1,123.0,118.8
1,1,1,1,126.0,126.7
43,1,1,1,170.0,170.0
39,1,1,1,133.1,110.0
17,1,1,1,115.0,115.0
1,1,3,1,132.0,119.0
1,1,4,1,132.0,121.8
1,1,1,1,143.0,133.4
1,1,3,1,137.0,131.4
42,1,1,1,130.0,135.0
1,1,2,1,121.0,122.8
39,1,1,1,130.0,140.0
18,1,2,1,135.0,125.3
1,1,6,1,137.0,126.3
1,1,1,1,100.0,100.0
17,1,2,1,127.0,121.3
53,0,1,1,140.0,135.0
39,1,1,1,140.0,120.0
17,1,1,1,121.0,113.7
43,1,1,1,131.0,129.7
1,1,1,1,151.0,132.1
51,1,1,1,130.0,120.3
7,0,1,40,120.0,120.0
17,1,2,1,136.0,123.1
17,1,5,1,125.0,119.4
39,1,1,1,133.1,140.0
39,0,1,1,133.1,116.5
17,1,1,1,120.0,113.0
1,1,3,1,143.0,133.9
1,1,3,1,133.1,115.5
17,1,5,1,121.0,116.5
1,1,1,1,168.0,171.2
1,1,1,1,124.0,119.1
17,1,2,1,127.0,121.1
1,1,2,1,129.0,132.9
1,1,1,1,137.0,132.8
1,1,1,1,120.0,126.7
1,1,1,1,110.0,105.8
17,1,2,1,120.0,117.2
1,1,1,1,143.0,140.0
44,1,1,39,120.0,120.0
17,1,5,1,124.0,119.5
39,1,1,1,168.0,153.9
39,0,1,19,133.1,130.0
39,1,2,1,150.0,107.0
39,1,1,1,140.0,132.8
1,0,1,1,145.0,127.5
18,1,1,1,118.0,123.3
17,1,1,1,123.0,122.0
1,1,5,1,120.0,114.8
44,1,1,39,140.0,140.0
51,1,1,1,126.0,111.0
1,1,2,1,137.0,133.2
1,1,3,1,130.0,123.0
53,1,1,42,150.0,150.0
17,1,3,1,147.0,132.3
18,1,1,1,140.0,126.0
1,1,3,1,132.0,119.3
53,1,1,42,130.0,133.8
1,1,1,1,130.0,126.5
1,1,1,1,151.0,138.4
1,1,4,1,144.0,129.0
1,1,1,1,127.0,118.3
17,1,2,1,131.0,129.8
17,1,2,1,123.0,113.6
1,1,5,1,130.0,128.3
43,1,1,1,130.0,130.0
17,1,2,1,131.0,121.9
1,1,5,3,135.0,129.4
1,1,2,1,123.0,115.3
1,1,5,1,145.0,125.5
17,1,6,1,118.0,117.8
17,1,3,1,125.0,118.7
1,1,2,1,152.0,139.0
1,1,1,1,101.0,98.9
17,1,1,1,137.0,137.7
1,1,4,1,123.0,113.6
1,1,1,1,120.0,113.4
17,1,3,1,131.0,128.5
1,1,1,1,141.0,142.8
1,1,1,1,144.0,137.7
1,1,1,1,107.0,103.5
1,1,1,1,133.0,123.2
17,1,2,1,126.0,126.0
39,1,1,1,133.1,121.7
17,1,1,1,147.0,142.8
43,1,1,1,120.0,120.0
18,1,1,1,130.0,119.3
44,1,1,1,120.0,121.0
1,1,5,1,138.0,139.4
17,1,1,1,124.0,113.9
1,1,1,1,133.0,124.6
17,1,1,1,122.0,123.8
1,1,3,1,138.0,126.3
17,1,4,1,134.0,120.4
1,1,3,1,128.0,120.5
53,1,1,42,140.0,144.9
39,1,1,19,133.1,139.9
1,1,1,1,142.0,133.3
1,1,3,1,141.0,126.0
1,1,2,1,145.0,133.5
17,1,2,1,145.0,127.9
1,1,1,1,108.0,105.9
1,1,1,1,132.0,124.3
39,1,1,1,140.0,102.5
39,1,1,19,133.1,97.0
17,1,1,1,128.0,134.7
42,1,1,1,120.0,113.8
1,1,4,1,120.0,116.9
1,1,4,1,139.0,124.0
39,1,1,1,139.3,117.5
44,1,1,39,150.0,154.8
1,1,1,1,138.0,141.0
39,1,1,9,133.1,120.0
51,1,1,1,136.0,133.6
1,1,6,1,134.0,122.0
1,1,1,1,140.0,120.0
53,1,1,42,110.0,114.2
39,0,1,38,133.1,95.5
1,1,1,1,129.0,120.0
1,1,1,1,116.0,111.1
1,1,1,1,130.0,128.6
7,1,1,3,130.0,130.0
1,1,1,1,116.0,111.1
17,1,1,1,136.0,122.7
1,1,1,1,147.0,134.4
1,1,5,1,117.0,131.0
51,1,1,1,141.0,125.0
18,1,1,1,133.1,106.0
39,1,1,1,133.1,128.0
7,1,1,3,120.0,120.0
1,1,1,1,148.0,134.8
39,1,1,1,130.0,112.0
1,1,1,1,120.0,116.1
43,1,1,1,120.0,120.0
1,1,3,1,133.0,119.7
17,1,6,1,129.0,117.1
1,1,2,1,118.0,112.4
1,1,2,1,140.0,131.0
1,1,2,1,127.0,130.9
1,1,1,1,131.0,134.9
17,1,1,1,132.0,127.1
17,1,5,1,113.0,110.2
17,1,1,1,115.0,108.7
1,1,1,1,133.1,138.0
44,1,1,39,150.0,147.7
39,1,1,19,133.1,123.0
17,1,1,1,141.0,142.8
1,1,2,1,140.0,138.3
1,1,2,1,136.0,125.2
1,1,1,1,140.0,141.8
17,1,5,1,143.0,130.6
44,1,1,39,130.0,130.0
15,1,1,1,133.1,100.0
18,1,2,1,129.0,119.0
1,1,2,1,132.0,124.3
17,1,1,1,118.0,122.2
15,1,1,1,150.0,150.0
39,0,1,19,133.1,135.5
16,1,2,1,122.0,127.3
43,1,1,1,127.0,127.0
1,1,2,1,122.0,126.9
18,1,3,1,131.0,127.5
1,1,2,1,130.0,122.0
17,1,5,1,130.0,115.8
17,1,1,1,130.0,121.6
17,1,4,1,122.0,116.4
39,1,1,1,114.0,120.0
17,1,4,1,143.0,127.3
1,1,3,1,127.0,123.5
17,1,3,1,141.0,125.6
1,1,1,1,129.0,118.5
1,1,2,1,140.0,129.5
1,1,1,1,137.0,134.6
44,1,1,1,140.0,140.0
1,1,1,1,143.0,133.2
17,1,1,1,138.0,133.5
17,1,1,1,120.0,117.9
1,1,3,1,144.0,128.0
1,1,5,1,123.0,113.2
1,1,3,1,129.0,122.0
16,1,3,1,152.0,156.9
1,1,2,1,130.0,125.1
15,1,1,1,133.1,100.0
15,1,1,1,160.0,160.0
39,0,1,1,140.0,101.0
18,1,1,1,133.0,121.5
1,1,1,1,138.0,126.8
1,1,5,1,142.0,132.9
1,1,1,1,115.0,134.3
17,1,6,1,125.0,120.5
17,1,1,1,170.0,144.1
43,0,1,1,140.0,100.0
1,1,2,1,110.0,114.8
1,1,1,1,114.0,111.9
17,1,3,1,138.0,125.4
44,1,1,39,140.0,140.0
44,1,1,39,140.0,140.0
17,1,1,1,132.0,127.8
1,1,1,1,148.0,131.6
1,1,1,1,132.0,119.4
18,1,2,1,126.0,129.9
1,1,1,1,121.0,114.0
1,1,2,1,120.0,113.4
1,1,1,1,123.0,117.8
1,1,6,1,122.0,114.3
1,1,1,1,136.0,129.7
18,1,1,1,119.0,112.0
39,1,1,1,120.0,140.0
44,1,1,39,150.0,150.0
1,1,3,1,121.0,122.4
51,1,1,1,140.0,150.0
17,1,2,1,135.0,135.0
43,0,4,1,116.0,116.2
17,1,2,1,120.0,120.4
17,1,5,1,126.0,122.9
1,1,1,1,170.0,155.0
1,1,3,1,123.0,123.4
17,1,1,1,120.0,124.2
44,1,1,39,130.0,130.0
17,1,1,1,130.0,126.2
17,1,1,1,117.0,120.5
17,1,1,1,131.0,123.7
17,1,1,1,130.0,122.5
39,0,1,1,133.0,139.2
51,1,1,1,128.0,131.2
39,1,1,1,133.1,120.0
1,1,1,1,123.0,116.7
53,1,1,42,150.0,150.0
39,1,1,19,133.1,117.5
1,1,2,1,140.0,137.6
17,1,1,1,126.0,124.3
39,1,1,19,133.1,116.0
18,1,2,1,121.0,121.4
53,1,1,42,140.0,142.8
17,1,1,1,133.1,96.0
43,0,1,1,131.0,125.0
17,1,6,1,124.0,126.1
39,1,1,1,120.0,155.8
1,1,1,1,133.1,116.0
44,1,1,39,110.0,110.0
39,1,1,19,133.1,97.2
39,1,1,19,133.1,100.0
7,1,1,40,140.0,140.0
43,1,1,1,130.0,128.0
17,1,2,1,110.0,115.3
39,1,1,1,140.0,150.0
44,1,1,39,160.0,160.0
1,1,1,1,138.0,133.1
1,1,1,1,126.0,119.0
39,0,1,1,120.0,156.0
39,1,1,1,130.0,163.7
39,1,1,40,130.0,130.0
17,1,5,1,122.0,123.1
39,0,1,1,160.0,160.0
1,1,1,1,134.0,136.1
43,1,1,1,134.0,132.7
43,1,1,1,140.0,128.2
17,1,1,1,127.0,126.7
39,0,1,1,133.1,150.0
17,1,1,1,143.0,156.3
10,1,1,1,115.0,116.1
17,1,1,1,131.0,123.8
1,1,1,1,146.0,153.0
7,1,1,5,140.0,140.0
17,1,1,1,135.0,131.9
1,1,1,1,133.0,141.4
39,1,1,12,133.1,140.0
39,0,1,1,120.0,115.0
39,0,1,1,133.1,168.0
17,1,1,1,130.0,101.3
1,1,1,1,125.0,122.6
1,1,1,1,134.0,141.7
1,1,1,1,151.0,132.3
17,1,1,1,112.0,111.7
39,1,1,1,120.0,98.7
15,1,1,1,140.0,140.0
10,1,1,1,140.0,140.0
39,1,1,1,133.1,100.7
17,1,3,1,143.0,133.8
15,1,1,1,133.1,100.0
7,1,1,4,180.0,180.0
1,1,1,1,136.0,130.8
44,0,1,39,140.0,140.0
39,1,1,1,130.0,106.2
1,1,1,1,141.0,125.6
18,1,5,1,121.0,117.5
39,1,1,3,120.0,122.5
17,1,1,1,129.0,132.9
39,1,1,12,133.1,103.0
17,0,5,1,100.0,107.0
7,1,1,2,133.1,100.0
39,0,1,1,133.1,100.0
17,1,1,1,139.0,131.3
18,1,1,1,125.0,122.2
39,0,1,9,133.1,118.4
7,1,1,2,100.0,100.0
39,1,1,1,110.0,110.0
43,0,1,1,133.1,100.0
43,1,1,1,123.0,106.2
7,1,1,40,110.0,110.0
1,1,2,1,130.0,122.3
39,0,1,1,133.1,112.5
1,1,2,1,97.0,98.1
1,1,1,1,130.0,140.2
17,1,1,1,139.0,143.6
16,1,1,1,150.0,134.6
1,1,3,1,141.0,126.8
15,1,1,1,133.1,100.0
17,1,1,1,137.0,130.0
1,1,4,1,116.0,113.6
44,1,1,39,140.0,140.0
17,1,4,1,106.0,106.0
17,1,6,1,135.0,126.6
17,1,5,1,144.0,130.7
1,1,2,1,108.0,105.9
15,1,1,1,137.0,137.0
43,1,1,1,133.1,100.0
1,0,1,1,121.0,114.4
39,1,1,19,133.1,120.0
39,0,1,12,130.0,119.0
39,1,1,1,133.1,110.0
7,0,1,2,120.0,120.0
1,1,4,1,131.0,119.8
39,1,2,19,133.1,135.6
39,0,1,1,100.0,120.7
1,1,3,1,131.0,136.3
16,1,1,1,158.0,164.3
1,1,1,1,146.0,149.2
16,1,2,1,133.0,122.5
43,0,1,1,120.0,100.0
17,1,1,1,119.0,125.0
1,1,1,1,132.0,131.0
1,1,1,1,130.0,122.0
1,1,1,1,132.0,131.3
17,1,2,1,133.1,117.0
17,1,1,1,119.0,118.0
17,0,2,1,134.0,126.0
44,1,1,39,120.0,120.0
17,1,4,1,172.0,155.6
1,1,4,1,120.0,122.8
1,1,3,1,129.0,127.3
17,1,1,1,118.0,118.4
1,1,1,1,127.0,128.1
1,1,2,1,133.1,99.0
1,1,1,1,164.0,161.2
17,1,1,1,136.0,140.9
17,1,1,1,117.0,111.1
1,1,4,1,131.0,149.9
17,1,6,1,110.0,111.3
1,1,2,1,125.0,121.5
44,1,1,39,120.0,120.0
39,1,1,19,133.1,120.0
53,1,1,42,130.0,130.0
1,1,5,1,101.0,98.9
1,1,6,1,141.0,136.3
17,1,1,1,128.0,125.2
1,1,2,1,145.0,130.0
1,1,1,1,160.0,141.5
16,1,5,1,134.0,123.9
17,1,2,1,125.0,114.5
39,0,1,15,133.1,100.0
39,0,1,1,120.0,110.5
39,1,1,19,133.1,101.0
1,1,1,1,121.0,121.0
39,0,1,1,120.0,95.0
1,1,2,1,130.0,126.9
42,1,1,1,130.0,116.3
18,1,1,1,128.0,120.0
1,1,1,1,126.0,123.6
39,1,1,1,120.0,150.0
39,1,1,1,100.0,120.0
42,1,1,1,120.0,111.3
39,0,1,1,110.0,150.0
1,1,1,1,127.0,123.2
44,0,1,39,130.0,130.0
1,1,1,1,141.0,137.9
39,1,1,1,120.0,100.0
39,1,1,19,133.1,120.0
39,1,1,19,133.1,131.0
39,0,1,12,133.1,133.8
43,0,1,1,130.0,100.0
39,0,1,1,110.0,150.0
17,1,1,1,125.0,126.4
39,1,1,1,130.0,154.0
1,1,1,1,121.0,114.9
39,1,1,9,133.1,110.0
1,1,1,1,147.0,149.8
1,1,4,1,128.0,117.9
1,1,2,1,164.0,165.8
17,1,5,1,137.0,127.6
17,0,2,1,122.0,123.8
17,1,4,1,124.0,126.1
1,1,2,1,120.0,119.7
1,1,2,1,117.0,121.6
43,1,1,1,140.0,100.0
1,1,5,1,130.0,127.6
1,1,1,1,138.0,132.5
1,1,1,1,141.0,124.3
1,1,3,1,142.0,131.0
7,0,1,40,120.0,120.0
1,1,3,1,122.0,113.3
1,1,2,1,131.0,121.9
1,1,2,1,120.0,118.3
1,1,1,1,131.0,118.8
1,1,2,1,130.0,129.0
43,1,3,1,120.0,143.3
1,1,1,1,136.0,152.5
53,1,1,42,160.0,155.7
1,1,2,1,157.0,153.9
1,1,1,1,150.0,137.8
17,1,1,1,148.0,143.3
1,1,1,1,120.0,123.2
1,1,1,1,150.0,138.1
17,1,1,1,158.0,140.5
1,1,4,1,145.0,130.0
44,1,1,39,100.0,104.8
17,0,1,1,136.0,132.5
39,0,1,1,133.1,127.7
1,1,1,1,148.0,136.5
44,1,1,39,130.0,130.0
39,1,1,40,130.0,190.0
17,1,4,1,136.0,128.5
17,1,3,1,122.0,126.6
17,1,1,1,140.0,131.6
39,0,1,1,110.0,119.0
17,1,1,1,130.0,127.6
39,1,1,1,133.1,100.0
1,1,1,1,128.0,124.5
1,1,1,1,117.0,109.3
1,1,2,1,124.0,117.7
1,1,1,1,124.0,124.7
17,1,3,1,128.0,124.5
1,1,5,1,125.0,140.8
17,1,3,1,121.0,111.9
7,1,1,3,140.0,140.0
1,1,1,1,124.0,121.2
43,1,4,1,136.0,123.8
7,1,1,1,140.8,134.0
18,1,3,1,142.0,130.8
1,1,1,1,133.0,130.2
1,1,1,1,131.0,123.3
39,1,1,3,130.0,147.6
17,1,1,1,120.0,113.4
17,1,1,1,141.0,133.7
39,1,1,1,130.0,128.2
1,1,1,1,168.0,161.0
7,1,1,3,130.0,130.0
1,1,1,1,156.0,156.3
1,1,1,1,137.0,129.3
17,1,6,1,131.0,129.3
1,1,1,1,130.0,136.3
39,1,1,1,133.1,140.0
1,1,1,1,131.0,135.9
1,1,5,1,160.0,139.7
1,1,4,1,117.0,117.0
39,1,1,19,133.1,105.0
1,1,3,1,130.0,130.5
44,0,1,39,130.0,130.0
1,1,3,1,137.0,131.5
42,1,1,1,133.1,100.0
44,1,1,39,140.0,140.0
17,1,4,1,140.0,130.2
17,1,2,1,135.0,133.5
1,1,4,1,140.0,133.2
39,1,1,1,100.0,130.0
39,1,1,1,160.0,129.0
39,0,1,19,133.1,100.0
17,1,1,1,128.0,116.5
1,1,2,1,121.0,124.2
51,1,1,1,127.0,138.8
1,1,1,1,132.0,126.4
1,1,1,1,147.0,151.9
39,0,1,1,110.0,120.0
43,1,1,1,142.0,131.9
44,1,1,39,130.0,130.0
17,1,1,1,131.0,131.7
43,0,1,1,110.0,132.5
1,1,3,1,128.0,116.5
1,1,1,1,136.0,133.9
39,1,1,1,120.0,145.4
39,0,1,1,140.0,172.0
1,1,1,1,118.0,111.0
44,1,1,39,120.0,120.0
1,1,6,1,151.0,129.8
1,1,5,1,130.0,118.1
39,1,1,1,140.0,130.0
39,1,1,19,133.1,126.3
18,1,1,1,146.0,137.8
17,1,4,1,122.0,116.1
1,1,1,1,121.0,115.4
43,1,1,1,127.0,110.0
39,1,1,1,133.1,97.4
44,1,1,39,130.0,130.0
43,1,1,1,156.0,156.0
39,1,1,1,130.0,126.1
39,1,1,1,110.0,120.0
43,1,1,1,108.0,105.2
44,1,1,1,120.0,120.0
1,1,1,1,150.0,137.8
17,1,2,1,152.0,134.2
44,1,1,39,150.0,150.0
17,1,5,1,123.0,116.0
1,1,1,1,150.0,143.4
17,1,1,1,145.0,143.6
44,1,1,39,150.0,150.0
1,1,4,1,125.0,118.0
1,1,4,1,117.0,109.3
1,1,2,1,121.0,119.3
17,1,1,1,140.0,146.3
39,1,1,1,130.0,161.5
15,1,1,1,140.0,140.0
53,1,1,42,140.0,142.2
1,1,1,1,140.0,129.2
39,1,1,1,140.0,100.0
44,1,1,39,170.0,170.0
7,1,1,3,140.0,140.0
51,1,1,1,116.0,115.2
16,1,3,1,134.0,121.4
39,1,1,1,133.1,134.8
1,1,2,1,140.0,136.9
42,1,1,1,140.0,140.0
17,1,6,1,108.0,112.2
1,1,3,1,149.0,148.7
1,1,1,1,140.0,133.0
39,0,1,1,140.0,150.0
1,1,1,1,133.1,98.0
1,1,1,1,125.0,122.4
1,1,1,1,133.1,139.0
1,1,5,1,133.1,112.0
39,1,1,1,130.0,143.8
17,1,3,1,122.0,116.1
7,1,2,3,140.0,138.0
43,1,1,1,123.0,110.0
39,1,1,19,133.1,103.5
7,0,1,3,140.0,140.0
1,1,1,1,116.0,108.7
17,1,3,1,118.0,115.9
39,1,1,1,140.0,127.3
1,1,4,1,146.0,138.7
39,0,1,1,150.0,135.8
17,1,1,1,137.0,134.6
43,1,1,1,136.0,118.4
1,1,3,1,134.0,132.8
1,1,1,1,160.0,155.5
1,1,3,1,126.0,132.0
39,1,1,19,133.1,110.0
17,1,3,1,114.0,127.3
1,1,3,1,139.0,126.0
43,0,2,3,130.0,130.0
1,1,2,1,131.0,118.8
43,1,2,1,130.0,127.6
51,1,1,19,133.1,112.1
43,0,1,3,130.0,130.0
1,1,3,1,117.0,111.1
17,1,1,1,127.0,121.4
1,1,5,1,131.0,126.8
51,0,1,1,134.0,120.6
39,1,1,1,130.0,126.5
1,1,6,1,127.0,120.2
51,1,1,1,130.0,120.0
1,1,2,1,142.0,137.5
18,1,1,1,117.0,127.9
39,1,1,19,133.1,140.0
43,0,1,1,164.0,131.8
43,1,1,1,130.0,129.0
17,1,4,1,127.0,115.8
17,1,3,1,140.0,126.4
43,1,1,1,130.0,130.0
1,1,3,1,122.0,114.8
17,1,1,1,162.0,138.6
39,1,1,1,133.1,112.9
1,1,1,1,120.0,111.6
17,1,1,1,160.0,152.0
1,1,1,1,141.0,132.6
17,1,1,1,125.0,118.4
7,1,1,3,120.0,120.0
1,1,1,1,128.0,122.1
1,1,1,1,162.0,142.8
1,1,1,1,130.0,124.8
17,1,2,1,134.0,126.3
1,1,1,1,133.1,119.0
17,1,1,1,137.0,124.9
1,1,1,1,133.1,118.0
43,0,1,1,110.0,100.0
39,1,1,1,133.1,109.0
17,1,3,1,133.0,130.8
39,1,1,1,130.0,110.0
10,1,1,1,151.0,151.0
17,1,1,1,125.0,131.0
1,1,1,1,158.0,155.2
1,1,2,1,128.0,121.0
1,1,6,1,133.0,119.7
1,1,1,1,138.0,131.0
17,1,1,1,126.0,116.9
39,0,1,1,140.0,130.0
1,1,2,1,143.0,137.8
43,1,3,1,135.0,122.1
7,1,1,3,120.0,120.0
1,1,1,1,148.0,133.0
1,1,1,1,126.0,115.2
44,1,1,39,160.0,160.0
39,1,1,1,140.0,106.3
39,1,2,19,133.1,103.0
1,1,1,1,136.0,136.0
15,1,1,1,150.0,146.5
17,1,3,1,130.0,131.4
42,0,1,1,130.0,130.0
39,1,1,1,110.0,137.0
39,1,1,1,110.0,125.9
1,1,1,1,121.0,111.9
17,1,1,1,127.0,131.2
1,1,1,1,140.0,131.2
39,0,1,1,130.0,140.0
39,1,2,1,130.0,121.5
39,0,1,1,100.0,153.5
1,1,3,1,139.0,142.2
1,1,1,1,150.0,131.1
17,1,1,1,133.1,130.6
1,1,6,1,119.0,115.0
51,1,1,1,170.0,125.0
39,0,1,1,133.1,97.5
1,1,4,1,133.0,134.4
1,1,1,1,125.0,118.8
39,1,1,19,133.1,110.5
1,1,5,1,143.0,123.3
1,1,2,1,127.0,139.6
17,1,1,1,157.0,138.8
44,1,1,39,160.0,160.0
39,1,1,1,140.0,140.0
17,1,1,1,128.0,118.2
1,1,1,1,145.0,150.6
39,1,1,1,133.1,115.2
1,1,1,1,132.0,126.0
44,1,1,39,160.0,160.0
43,1,1,1,160.0,160.0
10,1,1,1,184.4,184.4
1,1,1,1,149.0,156.0
1,1,1,1,146.0,150.2
1,1,5,1,139.0,126.3
1,1,1,1,152.0,146.1
1,1,1,1,147.0,145.3
18,1,1,1,121.0,116.8
1,1,1,1,124.0,132.1
1,1,1,1,105.0,102.6
1,1,1,1,121.0,112.3
1,1,1,1,143.0,155.3
53,1,1,42,150.0,153.8
43,1,1,1,126.0,110.0
42,1,1,1,133.1,128.2
1,1,1,1,127.0,120.4
17,1,1,1,160.0,153.0
1,1,1,1,121.0,117.9
44,1,1,39,150.0,145.6
1,1,6,1,117.0,119.8
1,1,6,1,141.0,126.8
17,1,1,1,112.0,106.1
1,1,1,1,148.0,137.3
1,1,2,1,120.0,115.5
1,1,2,1,132.0,127.5
1,1,2,1,125.0,116.3
17,0,3,1,123.0,113.2
1,1,1,1,142.0,132.6
1,1,4,1,148.0,132.0
17,1,5,1,136.0,130.3
1,1,4,1,123.0,116.7
1,1,2,1,135.0,134.0
43,1,1,1,151.0,100.0
44,1,1,39,140.0,140.0
1,1,2,1,136.0,139.2
1,1,1,1,142.0,132.6
17,1,3,1,142.0,129.4
17,1,1,1,127.0,125.6
17,1,1,1,131.0,129.3
1,1,1,1,134.0,128.4
17,1,2,1,142.0,139.9
1,1,1,1,123.0,124.8
17,1,3,1,133.0,128.5
1,1,4,1,125.0,117.8
17,1,1,1,120.0,115.1
17,1,2,1,125.0,118.0
39,1,1,19,133.1,120.0
1,1,4,1,133.1,119.6
17,1,6,1,143.0,133.2
17,1,1,1,147.0,141.8
1,1,1,1,142.0,130.3
39,1,1,1,150.0,100.0
1,1,2,1,124.0,114.6
1,1,2,1,136.0,123.4
1,1,1,1,116.0,116.4
1,1,1,1,127.0,123.2
1,1,1,1,117.0,123.7
1,1,2,1,116.0,127.6
1,1,4,1,129.0,117.1
1,1,1,1,157.0,149.3
17,1,1,1,135.0,125.6
1,1,1,1,139.0,145.0
18,1,1,1,115.0,115.0
1,1,1,1,123.0,114.3
43,1,2,1,140.0,126.0
1,1,1,1,138.0,124.0
1,1,4,1,132.0,122.6
1,1,4,1,140.0,133.8
18,1,1,1,117.0,113.5
1,1,4,1,125.0,122.6
7,1,1,3,140.0,140.0
1,1,1,1,133.1,107.0
53,1,1,42,130.0,130.0
1,1,1,1,134.0,124.2
18,1,1,1,128.0,125.8
1,1,1,1,115.0,108.0
1,1,2,1,119.0,115.2
17,1,1,1,131.0,129.3
7,1,1,4,120.0,120.0
1,1,1,1,120.0,116.7
1,1,3,1,135.0,121.0
17,1,1,1,146.0,128.2
1,1,4,1,133.0,121.1
51,1,1,1,122.0,112.6
17,1,1,1,128.0,123.3
17,1,2,1,129.0,129.4
17,1,1,1,122.0,119.9
1,1,4,1,140.0,131.6
51,1,1,1,143.0,120.0
1,1,4,1,118.0,110.0
44,1,1,39,140.0,143.0
44,1,1,1,140.0,140.0
1,1,1,1,123.0,119.2
1,1,1,1,140.0,124.3
17,1,1,1,116.0,111.1
43,1,1,39,150.0,150.0
1,1,1,1,147.0,147.3
1,1,1,1,162.0,147.5
17,1,2,1,108.0,108.0
42,1,1,2,130.0,130.0
39,0,1,1,140.0,130.0
1,1,2,1,116.0,109.0
1,1,5,1,120.0,112.0
17,0,1,1,132.0,121.2
43,1,1,2,140.0,140.0
39,0,1,1,120.0,119.5
1,1,1,1,136.0,125.9
1,1,1,1,133.0,121.5
1,1,5,1,126.0,121.5
17,1,1,1,142.0,132.4
17,1,1,1,121.0,122.4
39,0,1,1,134.0,110.0
51,1,1,1,140.0,120.4
39,1,1,1,133.1,105.0
1,1,1,1,157.0,137.8
51,1,1,1,120.0,118.0
17,1,5,1,134.0,122.1
7,1,1,3,140.0,140.0
1,1,1,1,133.0,143.2
39,0,1,1,146.0,120.5
16,1,3,1,130.0,119.5
1,1,1,1,151.0,147.5
1,1,6,1,133.1,129.6
18,1,1,1,132.0,126.1
39,0,1,1,110.0,160.0
39,1,1,19,133.1,105.5
39,1,1,1,110.0,95.5
39,1,1,1,133.1,107.5
1,1,1,1,105.0,106.1
39,1,1,1,160.0,116.3
1,1,1,1,144.0,137.4
1,1,1,1,100.0,101.8
1,1,2,1,143.0,144.1
42,1,1,1,160.0,107.8
39,1,1,1,140.0,128.2
17,1,4,1,133.1,117.0
1,1,1,1,116.0,110.4
39,0,1,1,120.0,170.0
43,1,1,1,141.0,100.0
1,1,1,1,110.0,117.0
1,1,2,1,127.0,133.5
1,1,1,1,132.0,128.0
1,1,1,1,135.0,122.1
17,1,2,1,135.0,133.4
39,1,1,1,140.0,112.0
39,1,1,1,133.1,130.0
39,0,2,1,100.0,100.0
39,1,1,19,133.1,162.0
42,1,1,1,100.0,153.0
17,1,1,1,137.0,131.4
7,1,1,3,120.0,128.2
10,1,1,1,148.9,148.9
1,1,4,1,134.0,128.4
1,1,5,1,128.0,120.3
57,0,1,1,133.1,100.0
1,1,1,1,131.0,126.1
1,1,3,1,118.0,111.7
44,1,1,39,140.0,140.0
1,1,2,1,133.0,122.2
1,1,2,1,126.0,118.7
17,1,2,1,125.0,121.5
17,1,4,1,138.0,134.5
1,1,4,1,140.0,127.0
1,1,1,1,124.0,114.2
17,1,1,1,133.0,125.3
1,1,2,1,127.0,120.4
1,1,6,1,138.0,123.0
1,1,2,1,142.0,130.5
1,1,1,1,130.0,125.5
53,1,1,42,130.0,133.8
44,1,1,39,150.0,150.0
1,1,1,1,127.0,130.5
44,1,1,39,140.0,140.0
17,1,6,1,126.0,119.4
17,1,5,1,139.0,121.3
1,1,3,1,141.0,126.3
1,1,1,1,120.0,111.6
17,1,4,1,120.0,111.3
1,1,2,1,134.0,122.5
1,1,5,1,128.0,116.5
17,1,5,1,133.0,132.0
18,1,4,1,123.0,123.7
17,1,6,1,118.0,117.0
1,1,1,1,113.0,116.5
1,1,1,1,135.0,121.5
1,1,1,1,133.1,105.0
1,1,3,1,130.0,121.3
1,1,1,1,135.0,136.1
17,1,2,1,133.0,123.6
1,1,4,1,123.0,129.0
17,1,1,1,145.0,136.8
17,1,2,1,146.0,133.4
1,1,5,1,144.0,136.0
1,1,1,1,144.0,125.8
1,1,1,1,131.0,120.5
1,1,2,1,141.0,130.2
1,1,3,1,138.0,135.9
1,1,1,1,127.0,116.5
1,1,4,1,124.0,124.0
7,0,1,3,140.0,140.0
17,1,1,1,157.0,150.9
1,1,3,1,129.0,127.3
39,1,1,19,133.1,100.0
1,1,5,1,142.0,128.8
1,1,3,1,133.0,119.7
1,1,1,1,156.0,140.8
1,1,1,1,151.0,138.0
17,1,1,1,135.0,132.9
43,1,1,1,140.0,140.0
7,1,1,3,140.0,140.0
1,1,2,1,100.0,99.3
18,1,1,1,126.0,119.3
17,1,2,1,123.0,113.2
17,1,1,1,133.1,117.0
18,0,1,1,137.0,123.0
1,1,6,1,138.0,127.2
1,1,2,1,128.0,141.0
1,1,1,1,136.0,121.7
43,1,1,1,127.0,121.1
16,1,1,1,145.0,146.1
1,1,1,1,140.0,142.5
17,1,1,1,138.0,126.8
44,1,1,39,150.0,150.0
44,1,3,39,150.0,150.0
17,1,1,1,131.0,134.5
1,1,2,1,136.0,129.5
1,1,1,1,117.0,113.2
17,1,1,1,158.0,140.2
17,1,2,1,129.0,119.2
1,1,1,1,140.0,140.7
1,1,5,1,141.0,142.3
1,1,4,1,132.0,129.9
17,1,1,1,133.0,134.8
17,1,1,1,109.0,104.1
1,1,1,1,135.0,122.4
1,1,1,1,122.0,120.6
17,1,3,1,118.0,112.4
1,1,1,1,174.0,157.9
43,1,1,1,142.0,125.9
17,1,2,1,131.0,118.4
1,1,3,1,139.0,130.8
1,1,1,1,170.0,176.7
1,1,1,1,182.0,156.8
1,1,1,1,125.0,126.8
1,1,1,1,142.0,128.0
1,1,2,1,119.0,113.8
17,1,5,1,128.0,120.8
1,1,3,1,150.0,130.8
39,1,1,1,133.1,101.0
17,1,5,1,131.0,126.1
1,1,5,1,118.0,113.8
17,1,2,1,122.0,118.3
1,1,1,1,116.0,127.9
17,1,5,1,137.0,131.1
17,1,4,1,128.0,117.9
17,1,1,1,123.0,115.7
1,1,2,1,133.1,141.0
39,0,1,12,110.0,120.0
17,1,1,1,143.0,131.8
1,1,1,1,150.0,131.1
1,1,6,1,129.0,117.8
10,1,1,1,140.0,140.0
1,1,1,1,133.1,108.0
1,1,1,1,132.0,122.9
44,1,1,39,130.0,130.0
1,1,4,1,137.0,126.0
42,1,1,1,133.1,134.0
1,1,1,1,143.0,134.3
1,1,1,1,148.0,138.7
17,1,2,1,137.0,143.3
44,1,1,39,160.0,160.0
1,1,2,1,112.0,111.0
17,1,4,1,133.0,128.5
1,1,4,1,142.0,133.0
17,1,2,1,123.0,114.6
17,1,1,1,103.0,104.1
17,1,4,1,140.0,127.6
1,1,2,1,159.0,151.0
44,1,1,39,140.0,135.7
17,1,1,1,148.0,137.8
1,1,6,1,112.0,117.3
18,1,2,1,131.0,121.2
17,1,1,1,145.0,129.3
1,1,5,1,133.1,123.0
44,1,1,39,140.0,140.0
7,1,1,43,140.0,140.0
1,1,1,1,150.0,144.6
43,1,1,1,120.0,118.3
1,1,1,1,156.0,153.6
1,1,4,1,167.0,158.3
43,0,1,6,133.1,100.0
17,1,1,1,147.0,134.9
1,1,3,1,129.0,142.0
17,1,1,1,136.0,127.3
17,1,1,1,128.0,116.5
43,1,1,1,140.0,138.6
42,1,1,1,141.0,133.0
17,1,2,1,133.0,136.2
17,1,1,1,125.0,118.0
1,1,1,1,124.0,126.8
1,1,6,1,140.0,128.5
17,1,1,1,140.0,129.9
17,1,4,1,137.0,125.8
17,1,1,1,144.0,129.3
1,1,6,1,138.0,124.7
39,1,1,1,130.0,154.9
17,1,1,1,142.0,127.3
1,1,1,1,136.0,129.0
1,1,2,1,133.1,98.0
17,1,2,1,130.0,122.0
43,1,1,1,117.0,112.5
1,1,3,1,136.0,127.3
39,1,2,1,133.1,100.5
39,0,1,1,140.0,122.0
39,1,1,1,150.0,140.0
17,1,2,1,121.0,116.1
7,1,1,3,120.0,130.0
5,1,2,1,143.0,146.2
44,1,1,39,180.0,180.0
1,1,5,1,132.0,127.8
43,1,1,1,130.0,130.8
17,1,2,1,133.1,109.0
1,1,5,1,131.0,132.4
1,1,3,1,149.0,129.3
1,1,1,1,124.0,125.4
1,1,1,1,126.0,130.2
1,1,1,1,140.0,132.0
44,1,1,39,170.0,170.0
1,1,2,1,133.0,130.2
18,1,2,1,126.0,115.5
16,1,2,1,129.0,127.6
7,1,1,43,140.0,140.0
1,1,1,1,130.0,120.2
39,1,1,1,130.0,150.0
1,1,2,1,99.0,100.0
43,1,1,1,146.0,100.0
17,1,1,1,129.0,128.0
1,1,2,1,132.0,128.0
43,1,3,1,110.0,107.2
1,1,1,1,116.0,110.1
43,1,1,1,119.0,119.0
39,1,1,1,120.0,155.5
1,1,1,1,117.0,118.4
1,1,4,1,137.0,141.2
1,1,1,1,124.0,119.1
43,1,1,1,151.0,111.0
43,1,1,6,138.6,138.6
17,1,2,1,118.0,121.2
1,1,1,1,136.0,150.4
1,1,1,1,123.0,117.8
39,1,1,19,133.1,102.5
39,1,1,1,130.0,110.0
39,1,1,12,133.1,138.3
39,1,1,1,150.0,122.3
39,0,1,1,130.0,127.8
43,1,1,1,128.0,100.0
17,1,4,1,133.0,126.4
39,1,1,19,133.1,100.0
17,1,4,1,129.0,117.1
17,1,1,1,128.0,124.7
43,1,2,1,136.0,124.1
44,1,1,1,130.0,129.4
1,1,1,1,141.0,138.9
44,1,1,39,140.0,138.6
16,1,1,1,122.0,133.9
7,1,1,40,140.0,140.0
39,1,1,12,133.1,95.1
39,0,1,1,120.0,128.2
39,1,1,1,133.1,121.5
7,1,1,40,120.0,120.0
44,1,1,39,130.0,130.0
7,1,1,3,120.0,120.0
39,0,1,19,133.1,107.0
1,1,2,1,122.0,116.1
43,1,1,1,123.0,114.4
1,1,1,1,178.0,157.7
39,1,1,1,130.0,150.0
1,1,1,1,110.0,114.3
18,1,1,1,106.0,104.6
7,1,1,3,140.0,140.0
1,1,4,1,108.0,109.1
43,1,1,1,120.0,120.6
39,0,1,1,100.0,161.9
7,0,1,3,140.0,140.0
17,1,2,1,133.1,178.0
39,0,1,19,133.1,138.3
1,0,4,1,140.0,128.0
39,1,1,19,100.0,139.0
1,0,2,1,123.0,113.2
39,0,1,19,133.1,139.0
51,1,1,1,135.0,110.0
1,1,1,1,132.0,136.6
43,0,1,1,120.0,161.1
43,1,1,1,130.0,130.0
44,1,1,39,140.0,140.0
1,1,1,1,133.1,121.0
43,1,1,39,120.0,118.6
1,1,1,1,140.0,138.3
42,1,1,1,133.1,115.8
39,0,1,1,120.0,160.0
17,1,1,1,125.0,114.5
42,1,1,1,136.0,117.5
39,0,1,1,133.1,121.7
42,1,1,1,120.0,115.0
1,1,1,1,127.0,125.3
18,1,1,1,131.0,131.0
1,1,1,1,127.0,126.3
17,1,1,1,132.0,127.1
17,1,3,1,137.0,138.4
43,1,2,1,126.0,100.0
1,1,1,1,136.0,126.2
1,1,1,1,124.0,118.8
39,1,1,39,137.0,124.5
44,1,1,39,140.0,140.0
17,1,1,1,131.0,125.1
1,1,1,1,130.0,118.8
18,1,5,1,136.0,125.2
17,1,1,1,133.1,95.0
1,1,3,1,110.0,107.6
7,1,1,3,140.0,140.0
43,0,2,38,133.1,125.4
1,1,1,1,141.0,128.0
17,1,3,1,130.0,129.3
1,1,1,1,160.0,152.0
1,1,1,1,140.0,128.8
1,1,1,1,150.0,152.8
44,1,1,39,150.0,150.0
1,1,1,1,133.1,112.0
1,1,1,1,152.0,135.6
39,1,1,19,133.1,134.4
39,0,1,1,130.0,120.5
1,1,1,1,148.0,141.4
17,1,1,1,148.0,145.2
39,1,1,1,130.0,140.0
43,1,1,1,160.0,100.0
39,0,1,1,130.0,140.0
39,1,1,1,110.0,126.0
18,1,1,1,122.0,112.6
39,1,1,1,110.0,106.8
51,1,1,1,129.0,121.6
39,0,1,1,110.0,120.0
1,1,1,1,170.0,160.6
39,1,1,12,110.0,130.0
43,0,5,1,110.0,110.0
39,1,1,1,133.1,110.0
39,1,1,1,133.1,145.8
1,1,6,1,126.0,130.2
1,1,1,1,137.0,122.3
17,1,4,1,117.0,125.4
43,0,1,1,100.0,130.0
39,1,1,1,120.0,150.0
17,1,5,1,126.0,116.9
17,1,1,1,122.0,114.7
39,1,1,1,111.0,95.8
17,1,4,1,139.0,133.1
43,1,1,1,150.0,150.0
17,0,2,1,116.0,118.5
17,1,1,1,130.0,131.1
53,1,1,42,150.0,150.3
43,1,1,1,132.0,120.5
18,1,1,1,108.0,105.6
39,1,1,1,133.1,125.3
39,1,1,1,120.0,131.0
18,1,1,1,146.0,127.0
44,1,1,39,150.0,150.0
1,1,1,1,160.0,149.2
17,1,1,1,125.0,121.5
1,1,2,1,125.0,137.3
17,1,4,1,122.0,119.6
1,1,1,1,138.0,141.5
44,1,1,39,150.0,150.0
39,1,1,1,140.0,110.0
17,1,5,1,113.0,110.2
39,1,1,1,139.0,110.3
42,1,1,1,133.1,120.0
1,1,5,1,118.0,114.2
44,1,1,39,140.0,140.0
1,1,1,1,144.0,132.8
18,1,1,1,125.0,121.5
1,1,1,1,131.0,127.2
17,1,1,1,131.0,128.2
1,1,1,1,140.0,133.4
39,1,1,1,133.1,120.0
44,1,1,1,140.0,140.0
1,1,5,1,139.0,136.9
17,1,3,1,125.0,117.0
1,1,2,1,117.0,110.7
39,1,1,1,150.0,160.0
1,1,1,1,95.0,95.0
39,1,1,1,150.0,148.8
39,1,1,1,120.0,110.0
43,0,1,1,136.0,133.9
1,1,1,1,133.0,125.7
17,1,1,1,125.0,116.6
1,1,3,1,127.0,141.0
7,1,1,40,130.0,130.0
53,1,1,1,130.0,130.0
17,1,1,1,127.0,115.8
44,1,1,39,140.0,140.0
1,1,5,1,125.0,126.1
1,1,1,1,135.0,137.5
17,1,4,1,132.0,120.8
39,1,2,1,110.0,136.5
39,1,1,1,130.0,122.0
43,1,1,1,130.0,130.0
1,1,1,1,135.0,126.3
1,1,1,1,133.1,98.0
17,1,3,1,135.0,121.0
43,1,1,1,128.0,124.2
39,1,1,1,140.0,130.0
1,1,2,1,135.0,136.1
17,1,2,1,131.0,132.8
17,1,1,1,131.0,126.3
39,0,1,19,100.0,111.5
39,0,1,1,140.0,118.2
1,1,1,1,124.0,115.6
1,1,1,1,130.0,117.8
1,1,1,1,142.0,127.0
39,0,1,1,150.0,140.0
39,1,1,12,110.0,106.0
39,1,1,19,110.0,151.0
18,0,1,1,112.0,106.4
39,0,1,1,100.0,125.3
7,1,1,3,130.0,130.0
39,0,1,1,133.1,116.0
39,0,2,1,150.0,120.0
39,0,2,1,100.0,100.0
43,1,2,1,130.0,118.5
43,1,2,1,129.0,118.9
17,1,2,1,127.0,119.3
43,0,1,1,140.0,135.8
53,1,1,42,130.0,130.0
39,1,1,1,133.1,129.8
39,1,1,2,140.0,150.0
39,0,1,19,133.1,111.9
39,1,1,1,120.0,150.1
39,1,1,1,133.1,130.0
39,1,2,1,120.0,128.0
39,1,2,38,133.1,102.5
39,0,2,1,133.1,102.5
39,1,2,1,100.0,110.0
39,1,1,19,133.1,114.0
42,1,1,1,120.0,128.2
1,1,1,1,128.0,116.5
1,0,1,1,172.0,149.3
1,1,3,1,146.0,134.1
17,1,4,1,135.0,126.6
43,1,1,1,160.0,120.0
42,1,1,1,150.0,133.5
39,1,1,1,130.0,110.0
1,1,4,1,111.0,107.5
7,1,1,3,130.0,130.0
43,1,1,6,170.0,111.6
18,1,3,1,133.1,101.0
39,0,1,1,100.0,108.3
43,1,1,1,120.0,128.2
39,1,1,3,110.0,150.0
1,1,1,1,133.1,142.8
39,1,1,1,120.0,100.0
7,0,1,40,150.0,150.0
39,1,1,19,133.1,156.5
39,1,1,19,120.0,98.6
7,0,1,3,130.0,130.0
1,1,1,1,130.0,118.1
39,1,1,1,100.0,120.0
1,1,1,1,142.0,127.7
15,1,1,1,130.0,130.0
18,1,1,1,148.0,147.7
44,1,1,39,170.0,170.0
39,1,1,1,110.0,110.2
1,1,1,1,166.0,146.4
17,1,2,1,135.0,121.0
1,1,1,1,133.0,129.9
39,1,1,1,133.1,132.0
18,1,3,1,121.0,125.9
1,1,1,1,159.0,165.7
17,1,5,1,130.0,122.7
39,0,1,1,121.0,141.4
39,1,1,19,133.1,156.4
1,1,1,1,146.0,148.5
44,1,1,39,140.0,140.0
43,1,1,1,125.0,131.7
39,1,2,1,120.0,104.7
44,1,1,39,150.0,150.0
39,1,1,19,110.0,110.0
1,1,1,1,120.0,129.1
39,1,1,1,133.1,120.0
1,1,1,1,133.1,127.0
39,0,1,19,133.1,151.5
43,1,2,1,130.0,126.8
1,1,1,1,160.0,140.8
1,1,1,1,128.0,125.6
1,1,2,1,140.0,127.8
43,1,1,1,120.0,120.0
1,1,1,1,140.0,131.3
39,0,1,12,120.0,155.7
53,1,1,42,130.0,128.5
39,1,1,1,100.0,170.0
39,1,1,1,133.1,100.0
39,1,1,1,110.0,107.2
18,1,1,1,147.0,139.3
17,1,6,1,133.0,123.2
1,1,2,1,137.0,122.3
17,1,2,1,124.0,127.9
1,1,2,1,128.0,120.3
51,0,1,1,120.0,128.5
39,1,1,1,133.1,150.0
1,1,1,1,142.0,136.1
39,1,1,19,100.0,128.0
1,1,1,1,149.0,158.1
1,0,2,1,110.0,108.7
39,1,1,19,133.1,110.0
39,1,1,19,133.1,120.0
44,1,1,39,150.0,150.0
39,0,1,12,133.1,113.0
51,1,1,1,121.0,118.6
39,1,1,1,133.1,148.8
18,1,3,1,122.0,120.3
1,1,6,1,143.0,127.0
1,1,1,1,123.0,113.8
39,0,1,1,120.0,108.0
17,1,1,1,114.0,129.1
43,1,1,1,114.0,135.9
10,1,2,1,154.4,154.4
15,1,1,1,190.0,190.0
17,1,4,1,136.0,132.5
10,1,2,1,163.3,163.3
1,1,1,1,126.0,122.5
17,1,4,1,122.0,121.0
17,1,1,1,137.0,131.8
1,1,3,1,139.0,135.0
17,1,1,1,142.0,141.7
1,1,3,1,133.1,131.3
1,1,6,1,126.0,123.9
1,1,2,1,131.0,126.1
17,1,6,1,131.0,126.5
17,1,1,1,108.0,107.3
17,1,4,1,133.1,95.0
1,1,2,1,122.0,116.1
1,1,4,1,143.0,134.6
17,1,6,1,135.0,128.0
17,1,2,1,148.0,144.2
17,1,1,1,134.0,129.5
17,1,1,1,122.0,116.8
44,1,1,39,160.0,160.0
16,1,2,1,126.0,127.1
17,1,1,1,138.0,126.3
1,1,1,1,115.0,112.9
17,1,2,1,141.0,130.2
43,1,1,1,100.0,100.0
1,1,1,1,130.0,121.6
15,1,1,1,130.0,130.0
18,1,1,1,135.0,121.7
7,1,1,3,120.0,120.0
1,1,1,1,148.0,143.5
17,1,2,1,136.0,128.3
17,1,1,1,108.0,111.9
44,1,1,39,140.0,140.0
1,1,3,1,153.0,137.6
1,1,1,1,135.0,135.0
1,1,5,1,146.0,133.8
1,1,2,1,130.0,126.9
17,1,2,1,113.0,106.7
43,0,1,1,145.7,145.7
17,1,3,1,145.0,153.1
1,0,1,1,126.0,118.7
17,0,1,1,160.0,161.8
18,1,4,1,134.0,124.9
1,1,1,1,163.0,150.8
15,1,1,1,130.0,130.0
1,1,2,1,165.0,163.6
43,1,1,1,142.0,115.0
1,1,1,1,156.0,136.8
17,1,5,1,141.0,130.9
1,1,3,1,143.0,127.0
39,1,1,19,133.1,120.0
1,1,1,1,133.0,126.0
1,1,1,1,172.0,153.8
15,1,1,1,140.0,140.0
17,1,1,1,142.0,136.6
39,0,1,1,140.0,105.0
39,1,1,12,133.1,139.4
1,1,2,1,148.0,140.0
1,1,4,1,137.0,130.8
1,1,1,1,143.0,138.8
1,1,1,1,133.1,110.0
1,1,4,1,138.0,127.8
16,1,3,1,138.0,134.2
39,0,1,1,150.0,143.0
44,1,1,39,120.0,120.0
1,1,4,1,110.0,113.2
17,1,4,1,146.0,135.8
1,1,1,1,148.0,143.5
1,1,1,1,145.0,148.9
39,1,1,1,133.1,115.6
1,1,1,1,160.0,159.3
39,0,1,1,150.0,138.5
1,1,1,1,130.0,133.2
17,0,2,1,120.0,117.6
18,1,2,1,115.0,108.7
1,1,4,1,133.1,106.0
17,1,1,1,120.0,122.6
1,1,4,1,134.0,127.4
39,1,1,1,133.1,100.0
1,1,1,1,133.1,95.0
7,1,1,3,130.0,130.0
39,1,1,1,120.0,122.8
17,1,1,1,115.0,115.0
17,1,1,1,135.0,145.9
1,1,1,1,133.1,143.0
43,1,1,1,145.0,100.0
17,1,3,1,130.0,121.3
17,1,3,1,118.0,121.2
17,1,3,1,138.0,125.1
17,1,1,1,122.0,112.9
1,1,3,1,126.0,120.8
1,1,5,1,121.0,114.0
17,1,1,1,152.0,132.1
44,1,1,39,160.0,160.0
10,1,1,1,134.0,134.0
1,1,1,1,128.0,124.2
17,1,4,1,125.0,115.6
43,0,1,1,130.0,128.2
17,1,2,1,138.0,132.8
17,1,2,1,121.0,123.1
1,1,1,1,134.0,125.6
39,0,1,1,130.0,115.0
1,1,4,1,126.0,123.6
1,1,1,1,148.0,141.7
17,1,1,1,160.0,139.0
17,1,1,1,118.0,118.0
17,1,2,1,150.0,142.0
44,1,1,1,140.0,143.4
42,1,1,1,100.0,115.9
1,1,1,1,110.0,105.1
51,0,1,42,140.0,138.0
43,0,1,1,133.1,114.7
1,1,4,1,140.0,130.5
39,0,1,1,110.0,134.3
1,1,1,1,148.0,137.5
1,1,1,1,137.0,125.3
1,1,1,1,120.0,111.3
39,0,9,1,120.0,144.8
39,0,1,1,130.0,152.1
17,1,1,1,132.0,126.1
43,1,1,1,130.0,136.0
1,1,4,1,128.0,124.3
1,1,1,1,132.0,129.9
39,1,2,1,133.1,136.1
1,1,2,1,120.0,115.1
16,1,2,1,145.0,143.6
17,1,1,1,127.0,115.8
1,1,2,1,135.0,149.0
39,1,1,19,133.1,100.0
1,1,1,1,125.0,133.4
17,1,5,1,127.0,122.8
39,0,1,1,133.1,151.2
39,1,1,1,150.0,137.0
1,1,1,1,133.1,118.0
43,1,1,1,150.0,126.4
44,1,1,39,130.0,130.0
43,0,1,12,133.1,112.5
1,1,1,1,125.0,118.3
1,1,1,1,127.0,121.4
7,1,1,3,140.0,140.0
1,1,1,1,110.0,109.0
39,1,2,1,133.1,110.0
17,1,5,1,124.0,119.8
39,1,1,1,114.0,130.0
16,1,1,1,155.0,167.3
17,1,2,1,114.0,111.9
1,1,1,1,133.1,136.0
1,1,1,1,125.0,124.0
39,0,1,1,120.0,132.9
39,1,1,38,100.0,154.0
1,1,1,1,133.1,115.0
39,0,1,1,120.0,96.0
39,0,1,1,120.0,168.2
39,1,1,1,110.0,140.0
17,1,4,1,144.0,137.4
39,0,1,19,133.1,150.0
39,1,1,19,133.1,100.5
39,0,1,1,133.1,148.5
17,1,5,1,138.0,123.3
39,0,1,1,120.0,138.7
1,1,2,1,120.0,117.2
39,0,1,1,160.0,114.3
17,1,1,1,134.0,125.3
1,1,1,1,133.1,97.0
42,1,1,1,110.0,140.0
43,0,1,1,130.0,124.0
44,1,1,39,140.0,140.0
39,0,1,1,150.0,127.0
43,1,1,19,100.0,110.0
39,1,1,19,133.1,170.0
7,0,1,3,120.0,120.0
17,1,1,1,133.1,130.0
7,1,1,3,130.0,130.0
1,1,2,1,126.0,122.5
51,1,1,1,130.0,115.7
42,1,1,1,140.0,120.0
1,1,1,1,140.0,166.0
17,1,1,1,145.0,132.8
17,1,1,1,133.1,100.0
1,1,1,1,127.0,121.8
17,1,4,1,114.0,109.5
1,1,1,1,140.0,138.3
1,1,2,1,140.0,131.6
39,1,1,1,120.0,125.3
39,1,1,19,133.1,101.5
17,1,1,1,115.0,109.1
44,1,1,39,123.9,123.9
1,1,1,1,157.0,143.0
1,1,1,1,127.0,126.3
42,1,1,1,120.0,113.3
17,1,1,1,130.0,119.9
44,1,1,39,140.0,140.0
17,1,1,1,109.0,108.0
39,1,2,1,143.0,100.0
1,1,1,1,125.0,132.4
1,1,1,1,136.0,137.1
5,1,3,1,157.0,138.1
39,1,1,1,160.0,130.0
17,1,1,1,116.0,109.7
43,0,1,1,113.0,128.2
1,1,2,1,130.0,117.8
43,1,1,1,150.0,150.0
39,1,1,1,110.0,160.0
1,1,5,1,101.0,104.5
39,1,2,1,110.0,112.8
15,1,1,1,133.1,100.0
1,1,1,1,138.0,132.5
1,1,4,1,138.0,123.3
1,1,2,1,141.0,128.9
17,1,2,1,129.0,128.3
43,1,1,1,127.0,100.0
17,1,2,1,133.0,120.1
39,1,1,1,100.0,160.0
1,1,1,1,138.0,123.0
44,1,1,39,150.0,150.0
17,1,2,1,129.0,124.0
39,1,1,1,130.0,120.0
1,1,1,1,133.0,120.4
1,1,1,1,133.0,131.6
1,1,1,1,107.0,104.2
1,1,1,1,131.0,122.0
17,1,2,1,118.0,110.7
1,1,4,1,136.0,121.7
1,1,1,1,125.0,126.0
17,1,4,1,137.0,128.4
1,1,1,1,144.0,134.9
17,1,2,1,146.0,143.9
1,1,4,1,145.0,145.0
1,1,2,1,126.0,132.0
17,0,1,1,141.0,136.1
1,1,1,1,141.0,138.9
1,1,1,1,133.1,102.0
39,1,1,1,133.1,123.0
1,1,2,1,127.0,137.5
1,1,1,1,106.0,102.2
42,1,1,1,130.0,105.3
39,0,1,1,110.0,130.0
39,0,1,1,150.0,122.5
39,1,1,1,160.0,112.0
39,1,1,12,170.0,110.0
39,0,1,19,133.1,149.5
43,0,1,1,120.0,141.0
7,0,1,40,130.0,130.0
7,1,1,40,130.0,130.0
39,1,2,1,120.0,104.0
44,1,1,39,110.0,110.0
44,1,1,39,120.0,120.0
44,1,1,39,130.0,130.0
39,1,1,4,150.0,127.0
43,0,1,1,120.0,100.0
39,0,1,19,100.0,111.0
43,0,1,3,133.1,130.0
39,0,1,1,130.0,130.1
16,1,4,1,145.0,127.5
7,1,1,3,130.0,130.0
17,0,3,1,115.0,115.0
17,1,1,1,124.0,126.8
1,1,1,1,124.0,116.7
17,1,6,1,134.0,128.5
1,1,4,1,137.0,127.5
1,1,1,1,124.0,117.5
42,1,3,1,136.0,148.8
1,1,4,1,126.0,120.2
1,1,4,1,142.0,127.3
17,1,2,1,141.0,136.1
43,1,2,1,129.0,122.4
7,1,0,3,130.0,130.0
1,1,2,1,136.0,121.7
1,1,3,1,137.0,122.7
1,1,1,1,125.0,129.2
43,1,1,1,119.0,105.0
1,1,1,1,132.0,129.9
1,1,1,1,152.0,136.3
1,0,1,1,125.0,114.9
39,1,1,9,133.1,102.0
1,1,3,1,120.0,111.3
39,1,1,1,148.0,130.9
39,1,1,1,133.1,100.0
17,1,1,1,115.0,112.9
1,1,1,1,120.0,112.7
39,0,1,1,133.1,143.0
1,1,1,1,168.0,155.1
39,0,1,1,130.0,127.6
39,1,1,38,133.1,146.6
39,1,1,1,137.0,141.0
1,1,2,1,123.0,120.6
42,1,1,1,150.0,110.0
42,1,1,1,120.0,108.6
1,1,1,1,145.0,134.9
44,1,1,39,120.0,120.0
1,1,1,1,142.0,141.3
1,1,3,1,147.0,135.6
1,1,1,1,125.0,121.5
1,1,4,1,126.0,125.0
18,1,2,1,132.0,119.1
1,1,1,1,122.0,126.6
1,1,1,1,123.0,116.7
1,1,3,1,126.0,120.1
1,1,1,1,128.0,124.9
39,1,1,1,100.0,114.0
17,1,5,1,140.0,131.1
1,1,1,1,145.0,129.3
1,1,1,1,143.0,129.7
17,1,1,1,132.0,120.8
1,1,1,1,130.0,135.0
1,1,1,1,129.0,117.8
7,0,1,3,124.4,130.0
43,1,1,1,127.0,117.6
18,1,6,1,144.0,130.8
18,1,5,1,121.0,111.9
44,1,1,1,150.0,145.9
17,1,1,1,115.0,109.1
1,1,5,1,125.0,120.3
17,1,1,1,117.0,113.5
1,1,2,1,121.0,135.4
39,0,1,1,140.0,130.2
1,1,2,1,129.0,136.4
17,1,1,1,130.0,126.9
17,1,5,1,131.0,119.8
17,1,3,1,137.0,124.4
39,1,1,1,150.0,120.0
1,1,2,1,117.0,111.8
39,1,1,1,133.1,130.0
43,1,1,1,130.0,138.0
39,0,1,1,110.0,114.6
39,1,2,1,140.0,108.0
39,0,1,1,140.0,140.0
1,1,2,1,148.0,134.7
39,1,1,1,130.0,110.0
39,1,1,1,140.0,104.8
39,1,1,1,160.0,126.5
1,0,1,1,130.0,118.1
39,0,1,1,120.0,119.9
44,1,1,39,160.0,160.0
39,1,2,12,133.1,100.5
39,1,1,19,133.1,110.0
42,1,1,1,100.0,100.0
44,1,1,39,140.0,140.0
18,1,2,1,109.0,109.0
1,1,3,1,130.0,120.9
53,1,1,42,130.0,125.8
18,1,3,1,164.0,161.2
1,1,1,1,125.0,122.0
17,1,1,1,137.0,127.9
1,1,1,1,133.0,135.8
1,1,1,1,163.0,149.7
1,1,2,1,160.0,137.3
43,0,1,12,133.1,106.0
43,1,1,1,120.0,110.0
1,1,1,1,140.0,146.4
39,0,1,1,140.0,121.0
43,1,1,1,140.0,125.2
17,1,2,1,115.0,119.6
39,1,1,1,140.0,142.8
39,0,1,19,133.1,123.5
39,1,1,19,133.1,100.0
39,1,1,1,110.0,140.0
39,0,1,19,133.1,150.3
1,1,1,3,116.0,128.2
39,1,1,1,110.0,114.3
43,0,1,1,140.0,117.3
42,1,1,2,120.0,120.0
39,0,1,12,133.1,110.7
51,1,1,1,160.0,118.0
39,1,1,1,133.1,169.2
39,0,1,1,120.0,106.8
42,1,1,1,133.1,100.0
39,0,1,1,133.1,144.5
39,0,1,19,133.1,134.5
43,1,1,1,122.0,114.3
39,0,1,1,133.1,113.4
39,0,1,1,140.0,128.0
7,1,1,3,120.0,120.0
39,0,1,2,130.0,147.5
39,0,1,1,120.0,120.7
1,1,1,1,153.0,153.7
17,1,1,1,131.0,121.9
17,1,4,1,126.0,119.4
39,0,1,12,110.0,157.8
39,0,1,1,150.0,154.0
1,1,2,1,131.0,135.9
43,0,1,1,130.0,130.0
17,1,4,1,122.0,118.9
1,0,1,1,151.0,152.4
39,0,1,1,120.0,147.8
43,1,1,1,136.0,100.0
18,1,6,1,140.0,129.0
17,1,2,1,131.0,148.9
43,0,1,2,120.0,120.0
7,0,1,3,170.0,170.0
39,1,1,1,100.0,130.0
17,1,1,1,116.0,119.2
39,0,1,1,133.1,129.0
17,1,1,1,136.0,132.5
39,0,2,1,160.0,115.0
1,1,4,1,140.0,128.0
43,1,1,1,130.0,125.1
44,1,1,1,140.0,140.0
17,1,2,1,123.0,120.9
1,1,6,1,143.0,135.3
43,1,4,1,133.1,125.2
1,1,2,1,136.0,135.7
39,1,2,1,133.1,110.0
39,0,1,1,133.1,119.0
7,0,1,3,110.0,110.0
1,1,1,1,118.0,115.2
43,0,1,2,110.0,112.9
39,1,1,19,133.1,119.4
1,1,1,1,162.0,152.9
39,0,1,1,155.0,117.5
39,1,1,19,133.1,98.5
39,1,1,1,150.0,108.0
39,1,1,1,133.1,120.0
1,1,1,1,154.0,150.2
44,0,1,39,140.0,139.2
1,1,1,1,158.0,130.0
1,1,1,1,122.0,115.7
1,1,3,1,136.0,127.0
39,0,1,9,133.1,118.1
1,1,1,1,132.0,119.1
39,0,1,1,130.0,111.9
1,1,6,1,144.0,130.5
39,0,1,12,133.1,135.0
43,1,1,1,133.1,130.0
44,1,1,1,150.0,150.0
43,1,5,1,150.0,150.2
39,0,1,1,110.0,127.1
39,0,1,1,100.0,107.5
39,0,1,3,100.0,130.0
39,1,2,1,133.1,152.8
1,1,1,1,145.0,160.1
39,1,1,1,130.0,140.0
1,1,4,1,118.0,110.7
39,1,1,1,133.1,138.3
44,1,1,39,150.0,150.0
17,1,6,1,113.0,112.3
1,1,6,1,136.0,122.0
39,1,1,1,140.0,141.7
1,1,1,1,131.0,118.4
1,1,3,1,138.0,128.7
39,1,2,1,100.0,100.0
39,1,1,1,140.0,100.8
39,1,1,1,120.0,125.5
1,1,1,1,139.0,124.0
7,1,1,3,130.0,130.0
39,0,1,3,110.0,160.5
39,1,1,19,133.1,100.0
39,1,1,1,133.1,103.0
1,1,1,1,133.1,103.0
1,1,1,1,139.0,131.5
18,1,3,1,134.0,121.4
1,0,1,3,160.0,137.3
1,1,1,1,124.0,138.4
17,1,1,1,137.0,131.1
42,1,1,1,157.0,100.0
17,1,4,1,138.0,133.0
39,0,2,1,100.0,100.0
39,1,1,1,130.0,159.0
43,1,2,1,133.1,120.6
39,0,1,3,120.0,134.0
5,1,1,1,150.0,139.4
16,1,6,1,128.0,116.5
1,1,1,1,124.0,113.9
43,0,1,3,130.0,130.0
1,1,2,1,132.0,129.9
42,1,1,12,133.1,133.7
1,1,3,1,129.0,124.8
1,1,1,1,135.0,133.6
17,1,4,1,138.0,133.5
1,1,1,1,135.0,128.0
17,1,6,1,131.0,127.2
7,1,1,3,150.0,150.0
42,1,4,6,133.0,127.8
17,1,1,1,135.0,125.2
43,1,2,1,118.0,110.0
39,0,1,19,100.0,100.0
17,1,1,1,158.0,151.4
1,1,2,1,137.0,125.1
1,1,1,1,172.0,163.3
18,1,1,1,123.0,118.0
1,1,2,1,144.0,140.2
39,0,1,1,140.0,128.5
17,1,1,1,136.0,131.5
17,1,5,1,137.0,132.6
17,1,1,1,128.0,122.1
17,1,1,1,120.0,112.0
1,1,1,1,130.0,133.0
39,0,1,1,138.0,127.0
39,1,1,1,148.0,130.0
1,1,2,1,139.0,136.4
1,1,3,1,136.0,129.0
17,1,3,1,126.0,119.0
17,1,1,1,135.0,128.0
1,1,4,1,122.0,117.1
1,1,4,1,137.0,136.3
17,1,5,1,127.0,124.6
1,1,1,1,137.0,130.7
1,1,4,1,125.0,115.2
17,1,1,1,141.0,130.2
1,1,1,1,132.0,128.5
16,1,1,1,133.1,95.0
17,1,1,1,132.0,119.4
1,1,6,1,142.0,123.5
1,1,4,1,136.0,133.9
53,1,1,42,150.0,145.2
1,1,1,1,130.0,118.8
16,1,2,1,136.0,123.4
17,1,6,1,138.0,123.0
17,1,1,1,131.0,118.4
1,1,1,1,147.0,131.6
17,1,1,1,140.0,122.3
1,1,2,1,152.0,151.7
1,1,1,1,169.0,176.0
1,1,6,1,149.0,133.0
1,1,4,1,137.0,139.8
1,1,4,1,122.0,119.6
39,0,1,1,130.0,134.0
17,1,6,1,145.0,132.0
7,1,1,3,130.0,130.0
43,1,1,1,157.0,141.4
18,1,2,1,135.0,128.9
5,1,2,1,123.0,118.1
1,1,1,1,139.0,130.6
1,1,1,1,136.0,122.0
1,1,2,1,135.0,123.0
1,1,1,1,126.0,126.7
1,1,1,1,122.0,126.6
1,1,1,1,125.0,125.4
1,1,3,1,134.0,136.1
17,1,5,1,130.0,128.8
17,1,4,1,110.0,111.1
1,1,1,1,131.0,135.9
5,1,5,1,122.0,119.6
17,1,2,1,123.0,116.7
1,1,1,1,146.0,126.0
1,1,4,1,137.0,134.2
1,1,1,1,130.0,123.0
1,1,2,1,127.0,123.9
39,1,1,1,160.0,120.0
42,1,1,1,139.0,112.3
16,1,1,1,138.0,123.0
17,1,1,1,137.0,122.3
17,1,1,1,127.0,122.8
7,1,1,3,160.0,160.0
17,1,2,1,132.0,120.1
1,0,1,1,126.0,142.4
1,1,4,1,133.0,127.3
1,1,3,1,140.0,125.5
1,1,2,1,130.0,137.4
17,1,2,1,129.0,122.0
17,1,3,1,110.0,107.5
39,1,1,19,133.1,104.0
17,1,2,1,132.0,133.1
17,1,2,1,115.0,113.3
44,1,1,39,130.0,130.0
1,1,3,1,140.0,124.3
39,1,1,1,140.0,105.0
39,1,1,12,133.1,144.0
1,1,3,1,121.0,111.9
39,0,1,38,133.1,107.5
44,1,1,39,130.0,127.4
39,1,1,1,130.0,149.0
2,1,1,2,120.0,120.0
1,1,1,1,132.0,143.6
39,1,1,1,100.0,120.0
43,1,1,1,130.0,128.0
1,1,1,1,129.0,118.2
44,1,1,39,160.0,160.0
39,0,1,1,120.0,152.4
1,1,6,1,122.0,116.6
18,1,1,1,143.0,141.6
1,1,1,1,110.0,105.5
1,1,1,1,124.0,116.3
7,1,1,3,110.0,110.0
43,0,1,1,130.0,119.5
1,1,6,1,139.0,125.0
39,1,1,3,140.0,160.0
39,0,1,1,150.0,150.0
1,1,1,1,123.0,115.0
17,1,1,1,128.0,128.4
1,0,1,1,100.0,112.8
43,1,1,1,148.0,131.0
17,1,2,1,130.0,121.6
1,1,4,1,118.0,110.0
39,0,1,1,120.0,148.5
17,1,4,1,119.0,118.3
1,1,1,1,138.0,135.9
17,0,1,1,127.0,115.8
1,1,1,1,134.0,121.2
17,1,4,1,133.0,136.2
39,1,1,1,133.1,100.2
1,1,1,1,180.0,152.7
17,1,4,1,129.0,123.1
39,1,1,1,120.0,130.0
1,1,6,1,141.0,125.0
1,1,1,1,118.0,113.1
1,1,5,1,127.0,121.1
1,1,1,1,177.0,162.3
42,1,1,1,132.0,132.0
17,1,4,1,133.0,130.7
17,1,4,1,124.0,122.3
1,1,1,1,143.0,144.1
1,1,1,1,128.0,118.2
1,1,1,1,138.0,133.5
1,1,5,1,144.0,126.8
1,1,4,1,122.0,121.0
17,1,1,1,111.0,117.7
1,1,1,1,133.1,115.0
1,0,1,2,120.0,129.2
1,1,1,1,135.0,125.8
17,1,5,1,125.0,118.4
1,1,1,1,147.0,142.0
17,1,3,1,137.0,126.7
43,1,1,1,117.0,109.3
17,1,1,1,126.0,116.9
18,1,1,1,128.0,121.7
1,1,6,1,115.0,117.1
1,1,1,1,121.0,114.4
17,1,1,1,134.0,133.0
1,1,3,1,126.0,118.8
1,1,1,1,151.0,151.0
1,1,6,1,122.0,119.6
17,1,1,1,141.0,135.4
1,1,1,1,138.0,149.9
1,1,1,1,133.0,120.1
39,1,1,3,150.0,173.3
1,1,1,1,136.0,126.2
1,1,1,1,129.0,126.9
39,1,1,1,128.0,157.4
17,1,2,1,131.0,120.2
1,1,1,1,130.0,124.8
17,1,1,1,150.0,130.3
1,1,1,1,165.0,152.4
43,0,1,1,133.1,113.5
1,1,1,1,126.0,125.7
1,1,5,1,101.0,102.4
17,1,3,1,125.0,125.7
39,1,1,1,100.0,120.0
1,1,1,1,117.0,109.3
1,1,1,1,159.0,162.2
17,1,1,1,177.0,155.7
1,1,1,1,156.0,147.7
1,1,5,1,125.0,115.6
1,1,2,1,130.0,117.8
43,1,1,1,125.0,125.0
1,1,1,1,127.0,129.8
17,1,1,1,121.0,123.1
43,1,1,1,135.0,122.8
1,1,2,1,125.0,117.3
1,1,1,1,138.0,126.5
1,1,4,1,136.0,123.0
1,1,1,1,142.0,127.7
1,1,1,1,129.0,117.5
1,1,1,1,134.0,128.4
17,1,2,1,123.0,124.1
39,0,1,1,150.0,140.9
1,1,1,1,129.0,126.2
1,1,3,1,134.0,120.5
17,1,1,1,127.0,121.1
18,1,2,1,123.0,123.7
17,1,3,1,127.0,116.9
39,1,1,1,133.1,100.0
17,1,5,1,131.0,120.2
39,1,1,1,120.0,153.8
1,1,4,1,133.0,120.1
1,1,1,1,133.0,128.1
1,1,1,1,143.0,126.8
43,1,1,1,140.0,125.7
17,1,1,1,157.0,146.2
39,1,1,19,133.1,140.0
43,0,1,1,145.0,134.5
39,1,1,1,130.0,137.0
1,1,1,1,111.0,107.5
17,1,2,1,116.0,112.2
39,1,1,10,133.1,128.2
1,1,1,1,135.0,126.8
17,1,1,1,145.0,132.1
1,1,1,1,118.0,110.0
39,1,1,1,130.0,100.0
1,1,1,1,115.0,114.3
1,1,2,1,122.0,116.4
42,1,1,1,120.0,116.9
51,0,1,1,120.0,128.2
17,1,2,1,120.0,127.0
42,1,1,1,140.0,140.0
1,1,6,1,127.0,120.0
7,1,1,3,110.0,110.0
1,1,1,1,148.0,127.0
39,1,1,42,170.0,159.5
1,1,1,1,146.0,135.2
1,1,1,1,127.0,122.8
17,1,1,1,125.0,118.0
17,1,5,1,139.0,123.6
39,0,1,1,133.1,111.0
1,1,1,1,146.0,144.6
1,1,1,1,109.0,111.8
1,1,1,1,135.0,122.1
18,1,2,1,122.0,119.9
7,1,1,3,130.0,130.0
1,1,1,1,124.0,118.4
1,1,1,1,115.0,112.6
44,1,1,39,150.0,150.0
1,1,4,1,170.0,165.8
1,1,6,1,102.0,101.7
17,1,2,1,140.0,124.3
1,1,5,1,135.0,122.1
43,0,1,1,148.0,134.7
39,0,1,1,140.0,154.5
17,1,3,1,147.0,128.8
39,1,1,1,140.0,106.0
1,1,1,1,157.0,146.2
17,0,1,1,120.0,116.9
39,1,1,12,133.1,118.2
43,1,1,1,140.0,105.7
1,1,1,1,130.0,126.9
44,1,1,39,150.0,150.0
1,1,2,1,115.0,108.4
1,1,6,1,118.0,114.2
39,1,1,1,130.0,140.0
39,1,1,1,130.0,142.5
1,1,2,1,130.0,126.5
17,1,3,1,120.0,111.3
1,1,2,1,130.0,125.1
1,1,2,1,141.0,126.3
17,1,1,1,138.0,142.2
1,1,1,1,113.0,110.2
17,1,4,1,135.0,127.0
1,1,1,1,137.0,128.6
39,0,1,1,133.1,130.4
43,1,1,12,100.0,134.4
39,0,1,19,133.1,100.0
1,1,1,1,142.0,133.0
17,1,3,1,140.0,126.7
43,1,1,1,129.0,129.0
17,1,1,1,141.0,133.7
17,1,5,1,118.0,122.2
17,1,5,1,131.0,128.9
1,1,3,1,161.0,154.4
7,1,1,2,130.0,130.0
17,1,4,1,121.0,113.0
43,1,1,6,133.1,123.3
44,1,1,39,130.0,130.0
15,1,1,1,133.1,101.3
17,1,6,1,120.0,113.7
1,1,2,1,140.0,138.8
39,1,1,19,133.1,140.0
44,1,1,39,130.0,130.0
17,1,2,1,140.0,132.5
1,1,1,1,124.0,117.4
1,1,3,1,115.0,109.8
39,0,1,1,100.0,116.5
1,1,2,1,162.0,165.2
1,1,1,1,121.0,113.0
17,1,1,1,125.0,123.3
17,1,2,1,123.0,116.7
39,0,1,39,140.0,110.0
39,1,1,1,133.1,118.9
43,1,2,1,120.0,103.6
1,1,1,1,136.0,122.7
39,0,1,1,133.1,113.5
42,1,1,1,110.0,128.2
43,1,1,1,120.0,120.0
39,1,1,19,133.1,130.0
7,1,1,40,110.0,110.0
51,1,1,1,130.0,117.7
1,1,1,1,102.0,99.6
43,1,3,1,127.0,117.9
39,0,1,1,133.1,113.0
17,1,2,1,137.0,124.4
7,0,1,3,130.0,140.0
53,1,1,42,130.0,132.4
1,1,4,1,131.0,124.0
39,0,1,1,162.0,132.0
43,0,1,1,140.0,149.8
7,1,1,43,160.0,160.0
17,1,6,1,117.0,114.6
39,0,1,1,150.0,120.0
39,1,1,19,133.1,100.0
1,1,1,1,125.0,128.5
39,1,1,1,130.0,113.0
1,1,1,1,170.0,150.8
17,1,3,1,132.0,130.8
43,1,1,1,133.1,114.5
17,0,2,1,120.0,114.8
17,1,2,1,126.0,126.2
39,1,1,1,130.0,129.0
17,1,1,1,133.1,110.5
1,1,5,1,141.0,132.5
1,1,1,1,138.0,130.7
17,1,1,1,130.0,130.4
17,1,1,1,128.0,124.3
1,1,4,1,135.0,132.6
44,0,1,39,150.0,146.7
1,1,3,1,135.0,130.1
43,1,1,3,120.0,120.0
7,0,1,3,120.0,121.3
1,1,6,1,140.0,133.3
39,1,1,1,140.0,110.5
39,0,1,1,140.0,102.5
1,1,2,1,156.0,150.9
51,1,1,12,133.1,106.6
1,1,1,1,120.0,118.3
43,0,1,1,100.0,117.9
1,0,1,1,120.0,135.0
7,1,1,3,120.0,120.0
1,1,1,1,172.0,167.1
43,0,1,1,120.0,115.8
16,1,2,1,137.0,141.2
1,1,1,1,117.0,118.4
1,1,6,1,142.0,134.3
17,1,4,1,135.0,128.7
17,1,3,1,115.0,116.1
39,1,1,1,110.0,100.0
1,1,1,1,123.0,118.8
43,0,1,1,140.0,130.0
39,1,1,39,150.0,150.0
39,1,1,1,120.0,116.0
17,1,1,1,110.0,99.0
1,1,1,1,133.0,132.0
43,1,1,1,110.0,125.0
17,1,1,1,126.0,116.2
39,1,2,19,133.1,100.0
1,1,6,1,136.0,132.9
17,1,4,1,129.0,132.5
44,1,1,39,140.0,140.0
43,1,1,1,160.0,100.1
39,1,1,1,133.1,128.2
17,1,1,1,140.0,133.4
1,1,3,1,142.0,136.1
17,1,1,1,138.0,123.0
1,1,1,1,131.0,130.3
1,1,1,1,160.0,153.7
39,1,1,1,110.0,142.5
1,1,1,1,124.0,114.6
39,1,1,1,120.0,108.5
39,1,1,12,133.1,140.0
39,1,1,1,133.1,120.0
51,1,1,19,133.1,120.0
1,0,1,1,123.0,127.6
44,1,1,39,140.0,140.0
39,1,1,1,138.7,111.3
1,1,1,1,131.0,131.0
1,1,1,1,149.0,139.5
39,1,2,19,133.1,110.0
44,1,1,39,130.0,130.0
43,1,1,1,120.0,115.0
39,1,1,1,133.1,154.3
1,1,1,1,143.0,135.0
17,1,4,1,126.0,115.2
1,1,1,1,125.0,130.6
1,1,4,1,123.0,117.4
7,1,1,2,150.0,150.0
17,1,3,1,132.0,131.3
1,1,1,1,133.0,120.4
1,0,1,1,122.0,113.6
1,1,4,1,137.0,125.0
1,1,6,1,145.0,132.3
17,1,1,1,150.0,142.7
7,1,1,3,130.0,130.0
1,1,6,1,136.0,120.8
17,1,2,1,131.0,130.3
17,1,1,1,130.0,119.9
1,1,1,1,108.0,110.5
44,1,1,39,160.0,160.0
17,1,1,1,113.0,118.6
1,1,1,1,113.0,112.3
1,1,1,1,137.0,124.4
1,1,4,1,148.0,125.0
39,1,1,1,130.0,105.8
26,1,1,2,133.1,121.5
17,1,1,1,138.0,134.2
7,1,1,3,130.0,130.0
1,1,1,1,127.0,122.8
1,1,1,1,115.0,108.7
1,1,2,1,147.0,136.7
17,1,1,1,132.0,119.1
1,1,4,1,146.0,151.3
43,1,1,1,109.0,108.3
17,1,1,1,133.0,127.4
42,1,1,1,124.0,124.0
1,1,1,1,133.1,155.0
1,1,1,1,121.0,114.0
1,1,2,1,129.0,118.9
53,1,1,42,160.0,160.0
43,1,1,1,131.0,126.1
1,1,1,1,150.0,136.5
1,1,5,1,130.0,122.3
17,1,1,1,133.1,128.0
1,1,1,1,154.0,156.5
1,1,1,1,126.0,125.7
1,1,1,1,150.0,143.0
17,1,5,1,141.0,131.9
43,0,1,1,134.0,113.7
17,1,2,1,146.0,155.1
16,1,3,1,134.0,121.1
1,1,3,1,139.0,130.3
1,1,6,1,136.0,123.3
1,1,5,1,110.0,117.4
5,1,1,1,135.0,140.3
17,1,4,1,129.0,120.0
17,1,1,1,139.0,133.4
1,1,4,1,137.0,126.7
17,1,3,1,138.0,129.3
17,1,6,1,136.0,125.7
1,1,1,1,143.0,144.8
1,1,1,1,133.1,98.6
1,1,1,1,136.0,126.9
17,1,1,1,139.0,146.7
1,1,1,1,125.0,117.0
44,1,1,39,130.0,130.0
17,1,1,1,137.0,125.8
39,0,1,3,130.0,160.0
1,1,1,1,130.0,134.2
43,1,2,1,160.0,96.0
18,1,1,1,100.0,101.8
1,1,1,1,136.0,125.2
43,0,1,1,117.0,100.0
7,1,1,3,140.0,140.0
51,1,1,1,132.0,120.0
1,1,3,1,147.0,134.3
1,1,1,1,158.0,144.7
17,1,6,1,142.0,131.9
1,1,1,1,143.0,136.7
1,1,2,1,135.0,129.8
1,1,1,1,160.0,146.5
43,0,1,1,120.0,122.5
39,1,2,19,133.1,117.8
17,1,2,1,133.1,106.0
17,1,1,1,133.0,119.0
1,1,1,1,120.0,115.1
17,1,4,1,106.0,116.9
1,1,2,1,148.0,141.7
1,1,2,1,134.0,127.7
1,1,5,1,130.0,122.1
16,1,1,1,150.0,153.5
1,1,1,1,141.0,141.4
1,1,1,1,140.0,135.8
1,1,2,1,138.0,127.5
39,0,1,1,130.0,151.6
39,1,1,1,133.1,121.4
42,1,1,1,133.0,100.0
1,1,6,1,150.0,131.5
17,1,1,1,117.0,109.3
1,1,1,1,145.0,127.9
7,1,1,3,140.0,140.0
44,1,1,39,160.0,160.0
17,1,1,1,125.0,119.8
43,0,4,12,133.1,153.0
1,1,2,1,139.0,125.0
43,1,1,1,130.0,103.7
7,1,1,3,120.0,120.0
1,1,1,1,160.0,146.0
17,1,3,1,120.0,116.9
39,1,1,1,130.0,117.9
1,1,1,1,124.0,128.6
17,1,1,1,150.0,135.0
1,0,1,1,140.0,124.6
1,1,5,1,135.0,124.0
1,1,6,1,143.0,129.5
39,0,1,19,100.0,111.3
39,0,1,19,133.1,95.0
1,1,1,1,133.1,131.8
1,1,5,1,132.0,119.1
17,1,1,1,131.0,125.4
16,1,1,1,147.0,140.7
43,0,1,1,141.0,131.9
39,1,1,1,160.0,124.0
1,1,1,1,135.0,139.2
1,1,1,1,133.0,121.8
17,1,1,1,142.0,132.9
44,1,1,39,130.0,130.0
39,1,1,1,133.1,130.1
39,1,1,1,133.1,124.5
39,1,1,1,130.0,162.3
1,1,2,1,149.0,137.8
1,1,1,1,130.0,119.5
39,1,1,1,150.0,110.0
1,1,1,1,106.0,105.0
1,1,1,1,162.0,142.8
43,0,3,1,120.0,128.2
39,0,1,19,133.1,120.0
7,1,1,3,130.0,130.0
17,1,2,1,128.0,121.7
1,1,1,1,124.0,116.0
39,0,1,1,133.1,133.2
43,0,1,1,114.0,116.7
1,1,2,1,140.0,126.4
39,1,1,1,160.0,140.0
1,1,1,1,122.0,120.3
39,1,1,1,140.0,118.0
15,1,1,1,160.0,149.5
44,1,1,39,130.0,130.0
1,1,1,1,141.0,126.3
17,1,3,1,127.0,116.2
17,1,1,1,126.0,126.0
1,1,1,1,131.0,122.3
1,1,1,1,130.0,119.5
44,1,1,39,130.0,131.8
17,1,6,1,140.0,130.7
44,1,1,39,140.0,140.0
1,1,1,1,140.0,129.5
39,1,1,19,133.1,130.0
39,1,1,1,120.0,114.0
43,1,1,1,121.0,121.0
17,1,1,1,123.0,116.4
1,1,1,1,136.0,121.7
42,1,1,1,136.0,130.0
43,0,1,1,120.0,120.0
43,0,1,4,160.0,125.0
17,1,1,1,125.0,134.1
1,1,1,1,146.0,149.5
43,1,4,1,117.0,113.2
39,0,1,1,150.0,146.0
44,1,1,39,140.0,140.0
39,1,1,1,111.0,162.4
43,1,1,1,120.0,136.6
18,1,3,1,111.0,111.0
1,1,1,1,118.0,115.7
1,1,3,1,106.0,105.7
42,1,1,39,120.0,128.2
1,1,1,1,151.0,137.0
39,1,1,19,133.1,120.0
39,0,1,1,120.0,120.5
51,0,1,39,120.0,118.1
39,0,1,1,110.0,139.0
39,1,2,19,133.1,116.3
17,1,5,1,118.0,120.5
1,1,1,1,139.0,134.9
17,1,1,1,130.0,123.0
17,1,1,1,132.0,122.9
39,0,1,1,100.0,140.0
17,1,1,1,120.0,122.5
39,0,1,12,133.1,121.5
17,1,3,1,156.0,132.3
17,1,4,1,143.0,131.5
43,1,1,9,133.1,128.2
39,1,1,1,140.0,148.0
1,1,1,1,127.0,121.5
1,1,1,1,135.0,135.4
39,1,1,19,133.1,139.0
43,1,1,1,120.0,113.4
44,1,1,39,150.0,150.0
17,1,1,1,123.0,122.0
44,1,1,39,150.0,150.0
39,1,1,12,133.1,119.3
39,1,1,1,130.0,140.0
1,1,4,1,140.0,125.0
1,1,1,1,141.0,140.7
39,1,1,19,133.1,100.0
17,1,5,1,146.0,146.7
39,1,1,19,133.1,96.0
44,1,1,39,160.0,160.0
44,1,1,39,130.0,130.0
39,0,1,1,160.0,130.0
43,1,1,2,140.0,140.0
1,1,6,1,126.0,116.6
17,1,5,1,118.0,120.5
39,1,1,19,133.1,103.0
17,1,2,1,121.0,111.9
17,1,1,1,148.0,148.7
43,0,1,12,133.1,120.0
1,1,2,1,140.0,125.7
1,1,1,1,132.0,120.1
1,1,1,1,140.0,127.8
17,1,3,1,112.0,106.4
42,1,1,1,100.0,100.0
17,1,4,1,126.0,123.9
1,1,1,1,150.0,139.5
44,1,1,39,150.0,150.0
1,1,1,1,144.0,139.8
39,0,1,1,133.1,154.4
17,1,6,1,120.0,115.5
39,0,1,1,133.1,119.0
39,1,1,1,133.1,96.1
7,1,1,3,130.0,130.0
43,1,1,1,133.0,128.8
18,1,1,1,124.0,126.8
7,0,1,40,130.0,130.0
1,1,3,1,124.0,116.7
17,1,3,1,132.0,125.5
7,1,1,3,110.0,110.0
1,1,3,1,127.0,133.7
1,1,1,1,130.0,117.6
44,1,1,39,140.0,140.0
44,1,1,39,150.0,150.0
16,1,2,1,133.0,133.7
16,1,4,1,109.0,137.0
43,1,1,1,133.1,128.2
18,1,4,1,133.0,129.2
17,1,3,1,134.0,129.5
1,1,4,1,125.0,129.6
17,1,3,1,135.0,121.7
17,1,2,1,132.0,141.8
1,1,3,1,135.0,129.8
44,1,1,39,100.0,106.0
43,1,1,1,144.0,121.6
17,1,1,1,125.0,121.5
1,1,1,1,133.1,117.0
44,1,1,39,130.0,130.0
17,1,1,1,117.0,117.7
44,1,1,39,140.0,140.0
1,1,1,1,132.0,133.1
15,1,1,1,133.1,100.0
17,1,1,1,132.0,119.1
1,1,1,1,148.0,129.8
1,1,1,1,133.0,131.3
17,1,5,1,143.0,136.7
17,1,1,1,143.0,126.2
15,1,1,1,133.1,109.6
1,1,1,1,141.0,131.9
1,1,2,1,140.0,140.7
18,0,6,1,134.0,120.7
1,1,2,1,118.0,113.8
1,1,1,1,135.0,121.0
17,0,1,1,119.0,112.4
1,1,6,1,145.0,131.0
1,1,1,1,143.0,142.7
1,1,1,1,123.0,125.5
1,1,3,1,108.0,107.8
1,1,3,1,117.0,110.4
44,1,1,39,140.0,136.1
39,1,1,1,170.0,138.3
1,1,2,1,157.0,142.3
42,1,1,6,141.0,145.0
1,1,1,1,125.0,125.7
39,1,1,19,133.1,108.0
1,1,4,1,143.0,128.7
1,1,1,1,142.0,128.0
1,1,3,1,150.0,146.5
1,1,2,1,112.0,106.1
17,0,2,1,133.1,118.0
17,1,1,1,125.0,117.0
1,1,3,1,121.0,115.4
17,1,3,1,133.1,117.0
39,1,1,1,133.1,144.9
17,1,1,1,135.0,127.0
1,1,4,1,132.0,118.0
39,1,1,19,133.1,118.0
43,1,1,1,135.0,126.4
43,1,1,39,110.0,110.0
17,1,1,1,133.0,124.4
44,1,1,39,140.0,140.0
1,1,1,1,135.0,129.4
44,1,1,39,140.0,141.7
1,1,2,1,144.0,132.1
1,1,5,1,122.0,116.8
1,0,1,1,143.0,135.0
44,1,1,39,150.0,150.0
1,1,3,1,124.0,116.0
1,1,1,1,156.0,155.0
1,1,1,1,142.0,127.0
17,1,1,1,142.0,130.8
1,1,6,1,126.0,121.8
39,1,1,19,133.1,140.0
42,1,1,1,170.0,148.5
42,1,1,1,130.0,109.8
1,1,1,1,133.0,119.7
42,1,1,1,122.0,122.0
1,1,1,1,138.0,147.5
17,1,1,1,163.0,150.8
44,1,1,39,150.0,150.0
39,0,1,19,133.1,131.5
1,1,1,1,144.0,127.2
17,1,1,1,118.0,111.0
43,1,5,1,101.0,119.9
1,1,2,1,133.0,133.7
17,1,1,1,133.1,140.0
5,1,2,1,124.0,113.9
1,1,1,1,127.0,120.7
39,1,1,1,133.1,119.8
39,0,1,1,110.0,121.8
18,1,1,1,110.0,117.7
39,1,1,1,160.0,110.0
43,1,1,1,120.0,134.4
1,1,1,1,133.1,125.3
1,1,1,1,132.0,119.1
39,1,1,1,130.0,146.0
43,1,1,1,130.0,130.0
17,1,6,1,129.0,122.0
17,1,5,1,130.0,118.1
39,1,1,1,140.0,105.2
17,1,5,1,131.0,123.3
17,1,1,1,129.0,124.8
39,0,1,19,133.1,149.4
43,1,1,1,112.0,108.5
17,1,1,1,119.0,125.0
1,1,1,1,133.1,101.0
1,1,1,1,123.0,112.9
17,1,3,1,131.0,120.2
1,1,1,1,120.0,111.6
1,1,1,1,125.0,134.1
39,1,1,1,133.1,101.6
18,1,2,1,121.0,111.9
51,1,1,1,148.0,118.4
1,1,1,1,139.0,127.1
17,1,3,1,125.0,120.5
17,1,4,1,128.0,136.1
17,1,2,1,132.0,124.0
17,1,4,1,137.0,141.6
44,1,1,39,160.0,160.0
39,1,1,1,120.0,110.0
43,1,1,1,134.0,100.0
39,1,1,12,133.1,120.0
1,1,2,1,116.0,124.8
44,1,1,39,140.0,140.0
1,1,3,1,140.0,124.3
43,1,1,1,122.0,118.9
17,1,1,1,141.0,130.2
44,1,1,1,120.0,120.0
7,1,1,3,140.0,140.0
39,1,1,12,133.1,130.0
17,1,2,1,137.0,130.4
1,1,2,1,122.0,116.1
44,1,1,39,130.0,130.0
43,0,2,1,140.0,124.3
17,1,6,1,125.0,125.0
51,0,1,2,110.0,110.0
1,1,1,1,133.1,115.0
43,1,1,1,132.0,129.6
51,1,1,1,122.0,128.8
1,1,3,1,155.0,144.2
39,1,1,1,120.0,134.0
43,1,1,1,129.0,112.0
1,1,2,1,144.0,128.8
39,1,1,1,130.0,134.0
1,1,1,1,133.1,125.0
17,1,4,1,133.0,123.2
17,1,3,1,131.0,118.4
51,1,1,1,133.1,116.2
39,1,1,1,133.1,123.0
17,1,1,1,118.0,113.5
51,1,1,40,120.0,125.0
17,1,3,1,133.1,134.8
1,1,1,1,145.0,149.9
1,1,1,1,125.0,119.8
43,1,1,1,125.0,125.0
1,1,3,1,148.0,135.1
1,1,4,1,139.0,138.3
17,1,2,1,130.0,122.5
1,1,1,1,148.0,148.0
1,1,2,1,130.0,126.2
43,1,4,6,134.0,129.8
39,1,1,19,133.1,104.0
18,1,4,1,137.0,126.7
39,0,1,1,130.0,120.0
1,1,2,1,137.0,124.6
44,1,1,1,130.0,130.0
17,0,1,1,140.0,127.3
2,1,1,1,150.0,122.0
7,1,1,3,130.0,125.1
1,1,1,1,133.1,110.0
1,1,1,1,134.0,129.8
17,1,1,1,125.0,114.9
1,1,1,1,141.0,125.6
18,1,3,1,138.0,125.1
17,1,1,1,116.0,115.7
1,1,3,1,122.0,112.6
1,1,3,1,131.0,127.2
44,1,1,39,140.0,140.0
44,1,1,39,140.0,140.0
1,1,4,1,127.0,120.4
39,1,1,19,133.1,100.0
1,1,1,1,117.0,113.5
1,1,1,1,150.0,132.1
44,1,1,39,160.0,160.0
1,1,1,1,128.0,126.3
44,1,1,39,160.0,160.0
43,1,1,1,126.0,100.0
18,1,1,1,135.0,125.8
1,1,3,1,139.0,142.2
17,1,2,1,125.0,119.4
1,1,2,1,106.0,106.4
7,0,1,40,120.0,120.0
44,1,1,39,150.0,150.0
17,1,2,1,130.0,148.6
1,1,1,1,116.0,108.7
44,1,1,39,130.0,130.0
17,1,1,1,140.0,124.6
1,1,2,1,134.0,131.0
44,1,1,39,130.0,130.0
18,1,1,1,122.0,116.1
17,1,1,1,128.0,125.6
17,1,1,1,130.0,121.3
1,1,3,1,113.0,107.4
1,1,1,1,126.0,116.9
43,1,2,1,135.0,123.5
1,1,1,1,141.0,130.5
39,1,1,12,133.1,140.0
17,1,1,1,133.1,117.1
18,1,1,1,144.0,127.5
43,0,1,1,140.0,126.0
43,0,1,10,100.0,113.0
1,1,1,1,135.0,130.1
43,0,1,1,130.0,110.0
1,1,3,1,147.0,135.8
39,0,1,19,149.0,126.3
27,1,1,2,130.0,130.0
39,0,1,1,120.0,104.0
43,1,1,1,125.0,123.6
39,0,1,1,133.1,121.0
43,1,1,1,149.0,130.5
7,0,1,43,180.0,180.0
43,1,1,1,110.0,112.5
1,1,3,1,131.0,126.1
1,1,1,1,117.0,111.8
17,1,1,1,120.0,131.4
17,1,1,1,160.0,144.3
39,1,1,1,100.0,115.0
44,1,1,39,140.0,120.0
39,1,1,1,160.0,168.6
17,1,6,1,141.0,127.7
44,1,1,39,130.0,150.0
1,1,1,1,142.0,129.8
1,1,1,1,130.0,135.6
39,1,1,19,133.1,100.0
44,1,1,39,140.0,140.0
1,1,1,1,129.0,124.1
1,1,1,1,148.0,131.6
1,1,3,1,143.0,129.0
17,1,1,1,128.0,135.7
43,1,1,1,100.0,108.0
1,1,1,1,116.0,110.8
1,1,1,1,128.0,124.5
39,1,1,1,120.0,100.0
43,1,1,1,121.0,123.8
17,1,1,1,137.0,131.4
1,1,1,1,115.0,118.5
1,1,2,1,129.0,122.0
1,1,1,1,125.0,122.9
1,1,1,1,125.0,118.7
39,1,1,19,133.1,100.0
16,1,2,1,131.0,135.9
1,1,1,1,133.1,138.4
39,1,1,12,133.1,128.2
43,1,1,1,114.0,107.4
17,1,1,1,127.0,129.8
39,1,1,1,130.0,100.0
1,1,3,1,121.0,113.0
43,0,1,1,120.0,107.0
39,1,1,12,120.0,130.0
43,1,1,1,120.0,120.0
1,1,1,1,120.0,120.5
39,1,1,1,133.1,120.5
1,1,4,1,124.0,137.0
39,1,1,1,150.0,115.0
39,0,1,19,133.1,142.7
1,1,1,1,116.0,116.7
43,0,1,1,133.1,136.1
39,1,1,19,133.1,134.3
18,1,1,1,167.0,153.0
1,1,1,1,140.0,132.0
1,1,2,1,124.0,129.6
43,1,1,1,110.0,105.0
17,1,2,1,150.0,130.8
1,1,1,1,123.0,119.7
17,1,1,1,152.0,132.5
44,1,1,39,130.0,130.0
39,1,1,1,133.1,120.0
17,1,1,1,133.1,150.0
1,1,1,1,124.0,115.6
43,1,2,6,119.1,119.1
1,1,2,1,128.0,123.5
39,1,1,1,133.1,120.0
43,1,1,19,133.1,110.0
17,1,1,1,145.0,131.4
18,1,2,1,141.0,126.8
43,1,4,6,118.9,118.9
39,0,1,1,160.0,160.0
17,1,5,1,111.0,115.9
1,1,2,1,111.0,109.3
1,1,1,1,123.0,113.9
1,1,1,1,133.0,121.8
7,1,1,3,140.0,140.0
18,1,1,1,122.0,114.7
1,1,1,1,128.0,120.0
1,1,1,1,108.0,107.3
17,1,1,1,139.0,136.2
1,1,2,1,130.0,119.5
18,1,1,1,133.1,106.0
1,1,4,1,130.0,124.1
1,1,3,1,143.0,133.2
39,1,1,1,110.0,110.0
1,1,6,1,120.0,114.8
1,1,1,1,140.0,130.0
17,1,5,1,125.0,122.6
17,1,1,1,134.0,133.5
39,1,1,1,130.0,120.0
7,1,1,3,120.0,120.0
1,1,3,1,142.0,137.3
17,1,3,1,127.0,123.5
39,1,1,1,140.0,131.8
39,1,1,1,140.0,130.0
18,1,6,1,142.0,128.0
39,1,1,1,120.0,95.0
1,1,2,1,124.0,116.0
1,1,1,1,157.0,136.7
39,1,1,1,126.6,107.5
39,1,1,1,110.0,108.4
17,1,1,1,144.0,130.7
44,0,1,39,160.0,155.9
1,1,4,1,105.0,106.1
1,1,2,1,130.0,128.6
43,0,1,3,140.0,140.0
1,1,1,1,138.0,145.0
17,0,1,1,120.0,113.0
1,1,1,1,135.0,137.1
1,1,1,1,119.0,119.7
17,1,1,1,121.0,120.5
1,1,5,1,126.0,125.7
17,1,4,1,132.0,125.5
1,1,1,1,128.0,124.5
39,0,1,1,160.0,126.0
1,1,1,1,125.0,136.2
43,1,1,1,127.0,124.2
17,1,5,1,147.0,138.5
1,1,2,1,130.0,122.3
1,1,6,1,134.0,126.0
39,1,1,1,140.0,135.4
1,1,1,1,151.0,146.5
1,1,1,1,132.0,121.9
7,0,1,40,130.0,130.0
1,1,1,1,126.0,115.2
18,1,3,1,119.0,115.2
1,1,1,1,123.0,125.1
1,1,1,1,106.0,108.0
1,1,3,1,121.0,125.9
1,1,2,1,138.0,128.0
1,1,5,1,118.0,113.5
39,1,1,1,120.0,124.6
39,1,1,19,133.1,116.0
17,1,3,1,141.0,124.9
39,1,1,1,180.0,140.5
39,1,1,1,180.0,179.6
17,1,1,1,115.0,116.1
17,1,2,1,142.0,139.4
17,1,4,1,135.0,129.0
39,1,1,1,150.0,135.6
43,1,1,1,153.0,147.8
18,1,1,1,153.0,138.0
7,1,1,3,150.0,150.0
1,1,6,1,144.0,130.8
1,1,1,1,130.0,122.6
1,1,1,1,125.0,119.1
39,1,1,19,133.1,111.8
1,1,3,1,133.0,125.0
17,1,1,1,140.0,129.9
17,1,4,1,133.0,131.1
1,1,1,1,154.0,141.4
39,1,1,1,133.1,120.0
42,1,1,1,168.0,133.4
17,1,3,1,132.0,127.3
1,1,1,1,133.1,131.8
17,1,1,1,120.0,114.8
1,1,3,1,150.0,132.8
44,1,1,39,140.0,140.0
1,1,1,1,103.0,108.3
44,1,1,39,150.0,150.0
44,0,1,39,160.0,160.0
1,1,1,1,131.0,131.7
1,1,1,1,114.0,112.6
39,0,1,1,120.0,111.1
43,1,3,1,140.0,127.5
43,1,1,1,130.0,120.2
17,1,4,1,121.0,118.9
1,1,4,1,130.0,119.9
17,1,2,1,141.0,127.3
1,1,1,1,131.0,127.9
39,1,1,38,133.1,133.0
17,1,6,1,117.0,114.6
1,1,2,1,151.0,144.5
17,1,1,1,131.0,125.4
17,1,1,1,145.0,145.0
39,1,1,1,135.0,138.1
17,1,1,1,119.0,124.6
1,1,2,1,122.0,130.8
1,1,2,1,155.0,140.5
1,1,1,1,123.0,124.1
43,1,1,1,130.0,118.4
15,1,1,1,133.1,128.2
1,1,1,1,114.0,109.5
17,1,1,1,137.0,131.1
1,1,3,1,161.0,137.9
1,1,1,1,133.1,128.2
39,0,1,1,133.1,126.5
1,1,1,1,128.0,120.0
39,1,2,19,133.1,123.0
7,1,1,40,130.0,130.0
17,1,6,1,147.0,141.1
39,1,1,1,140.0,140.0
42,1,1,1,140.0,133.6
39,1,2,19,133.1,123.5
1,1,1,1,141.0,136.3
1,1,2,1,128.0,123.5
39,1,1,1,150.0,112.0
44,1,1,39,160.0,160.0
39,1,1,1,133.1,110.0
18,1,3,1,128.0,116.8
17,1,5,1,114.0,109.5
39,1,1,19,133.1,100.0
5,1,1,1,126.0,117.3
39,1,2,1,133.1,130.0
51,1,1,1,129.0,137.8
17,1,1,1,140.0,136.5
39,0,1,1,133.1,138.7
17,1,1,1,134.0,124.9
39,0,1,1,133.1,140.0
17,1,2,1,132.0,122.6
1,1,2,1,131.0,129.5
1,1,1,1,133.1,155.0
1,0,1,1,133.1,100.0
18,1,1,1,160.0,137.6
7,1,1,3,120.0,120.0
15,1,1,1,114.0,114.0
1,0,1,1,140.0,139.0
39,1,1,1,100.0,110.0
1,1,6,1,139.0,128.5
1,1,1,1,136.0,132.2
7,1,1,3,130.0,130.0
17,1,1,1,145.0,129.3
1,1,1,1,133.1,128.2
1,1,6,1,146.0,130.3
1,1,1,1,159.0,162.5
39,0,1,19,133.1,130.0
7,1,1,2,110.0,110.0
39,1,1,1,120.0,142.3
17,1,1,1,130.0,122.0
1,1,3,1,158.0,153.6
1,1,1,1,122.0,112.9
1,1,1,1,140.0,124.1
17,1,1,1,136.0,129.7
1,1,1,1,111.0,110.0
17,1,2,1,145.0,136.3
17,1,1,1,133.1,146.0
1,1,1,1,140.0,129.9
1,1,1,1,140.0,140.9
1,1,1,1,156.0,135.5
1,1,1,1,132.0,122.0
53,1,1,42,140.0,140.0
1,1,1,1,164.0,163.0
17,1,4,1,113.0,107.4
1,1,1,1,122.0,114.3
43,1,1,1,150.0,140.8
1,1,2,1,135.0,126.3
39,1,1,1,133.1,110.0
1,1,2,1,122.0,126.2
42,1,1,39,140.0,140.0
1,1,1,1,138.0,123.0
1,1,3,1,130.0,157.0
5,1,1,1,157.0,149.7
43,1,1,1,140.0,140.0
53,1,1,42,170.0,170.0
39,0,1,1,150.0,130.2
17,1,1,1,146.0,135.5
43,0,1,1,120.0,118.3
1,1,1,1,118.0,116.3
7,0,1,3,120.0,120.0
1,1,1,1,154.0,154.7
17,1,2,1,139.0,132.7
18,1,1,1,136.0,130.8
1,1,2,1,130.0,122.7
39,1,1,19,133.1,130.0
17,1,1,1,133.0,123.6
18,1,1,1,143.0,116.5
17,1,3,1,117.0,111.1
1,1,3,1,145.0,136.3
1,1,5,1,134.0,129.8
39,0,1,1,170.0,134.7
1,1,2,1,143.0,131.8
1,1,1,1,140.0,126.8
1,1,1,1,131.0,130.7
17,1,3,1,115.0,109.8
7,0,1,3,130.0,133.9
39,1,1,1,130.0,109.9
44,1,1,39,160.0,160.0
39,0,1,19,133.1,106.5
39,1,1,1,130.0,120.0
43,0,1,1,140.0,107.8
43,0,1,14,133.1,100.0
39,0,1,1,150.0,112.5
43,0,1,1,140.0,135.5
1,1,1,1,145.0,145.0
1,1,1,1,126.0,119.0
7,1,1,3,130.0,130.0
1,1,4,1,135.0,126.3
39,0,1,19,133.1,113.5
43,0,1,3,120.0,120.0
17,1,2,1,120.0,111.3
18,1,1,1,147.0,130.2
43,1,1,1,149.0,140.2
1,1,5,1,124.0,113.9
17,1,1,1,133.1,99.0
1,1,2,1,125.0,124.0
1,1,1,1,141.0,138.9
1,1,1,1,131.0,130.0
17,1,4,1,118.0,120.8
1,1,6,1,129.0,127.8
17,1,3,1,136.0,126.0
1,1,2,1,134.0,126.0
1,1,1,1,153.0,138.5
1,1,3,1,119.0,119.4
39,1,1,1,140.0,101.5
39,1,2,1,133.1,101.5
17,1,2,1,130.0,126.2
1,1,3,1,128.0,129.8
1,1,1,1,145.0,138.4
1,1,1,1,146.0,129.3
1,1,1,1,119.0,113.1
17,1,1,1,160.0,144.3
17,1,5,1,144.0,141.0
7,1,1,40,130.0,130.0
17,1,3,1,122.0,117.5
1,1,3,1,153.0,131.8
1,1,1,1,147.0,133.7
43,1,1,1,121.0,115.4
1,1,3,1,134.0,129.1
1,0,1,1,133.0,135.5
17,1,5,1,118.0,112.4
1,1,1,1,137.0,130.8
1,1,5,1,143.0,131.6
39,1,1,1,123.0,140.8
44,1,1,39,140.0,140.0
1,1,1,1,118.0,114.2
1,1,1,1,142.0,127.3
1,0,1,1,115.0,115.0
43,1,1,1,131.0,118.8
39,1,1,1,130.0,125.0
17,1,2,1,133.1,111.5
17,1,1,1,134.0,124.2
7,1,1,40,130.0,130.0
7,1,1,3,133.1,120.0
43,0,1,12,114.0,110.0
39,1,1,1,130.0,113.3
43,1,1,1,128.0,123.5
1,1,1,1,133.1,101.0
39,1,1,19,133.1,120.9
39,1,1,1,140.0,154.6
1,1,1,1,117.0,120.2
43,1,3,1,139.0,146.5
1,1,1,1,159.0,160.1
39,1,1,1,140.0,150.0
1,1,3,1,140.0,135.8
1,1,1,1,135.0,143.8
1,1,1,1,121.0,116.8
1,1,5,1,124.0,113.9
1,1,3,1,131.0,118.0
1,1,5,1,160.0,150.2
1,1,2,1,120.0,115.1
1,1,1,1,140.0,131.3
44,0,1,39,120.0,120.0
17,1,2,1,118.0,110.3
43,1,1,1,133.1,100.0
17,1,2,1,111.0,110.7
43,1,3,1,140.0,143.4
1,1,6,1,125.0,115.9
18,0,1,1,133.1,145.0
17,1,2,1,136.0,140.9
1,1,2,1,115.0,108.4
1,1,1,1,116.0,114.3
18,1,5,1,110.0,110.0
1,1,1,1,135.0,121.7
43,1,2,1,131.0,123.7
1,1,2,1,124.0,116.5
1,1,1,1,163.0,155.0
43,1,1,1,137.0,129.3
1,1,3,1,128.0,121.7
39,1,1,1,133.1,148.2
1,1,2,1,133.1,125.5
17,1,4,1,148.0,131.9
17,1,1,1,127.0,121.8
43,1,1,1,110.0,107.7
39,1,1,1,133.1,115.5
1,1,1,1,145.0,139.8
1,1,1,1,136.0,133.2
1,0,1,1,131.0,118.4
17,1,2,1,138.0,123.3
39,0,1,1,150.0,134.5
1,1,1,1,112.0,110.6
42,1,1,1,154.0,154.0
43,0,1,39,160.0,160.0
44,1,1,39,140.0,140.0
17,1,2,1,150.0,132.5
17,1,2,1,141.0,127.7
1,1,5,1,122.0,117.5
1,1,5,1,120.0,127.0
1,1,1,1,139.0,125.5
17,1,6,1,138.0,140.5
5,1,1,1,119.0,118.3
1,1,1,1,129.0,120.8
1,1,1,1,133.1,95.0
17,0,1,1,125.0,122.2
17,1,1,1,125.0,143.9
1,1,2,1,137.0,127.2
1,1,1,1,123.0,120.2
1,1,3,1,154.0,134.8
1,1,1,1,144.0,142.6
1,1,1,1,153.0,147.9
1,1,1,1,152.0,160.4
1,1,1,1,150.0,134.6
1,1,1,1,129.0,121.0
1,1,1,1,150.0,142.7
17,1,2,1,125.0,115.6
1,1,1,1,133.1,130.0
1,1,2,1,140.0,124.3
1,1,1,1,140.0,137.9
1,1,6,1,133.1,100.0
1,1,2,1,132.0,128.2
17,1,3,1,135.0,135.0
16,1,4,1,135.0,121.0
1,1,1,1,133.1,147.0
1,1,1,1,168.0,149.5
1,1,1,1,143.0,144.4
17,1,2,1,116.0,116.0
43,1,1,1,134.0,120.7
44,1,1,39,140.0,141.8
17,0,2,1,133.0,119.7
1,1,6,1,125.0,118.4
39,0,1,1,133.1,134.5
39,1,1,1,133.1,128.2
43,1,1,1,137.0,115.0
39,0,1,1,140.0,130.0
43,1,1,1,134.0,120.7
1,1,5,1,139.0,130.5
1,1,2,1,113.0,107.4
1,1,3,1,133.1,100.0
43,1,1,1,132.0,125.0
1,1,4,1,127.0,121.5
1,1,1,1,123.0,127.2
39,1,1,40,130.0,160.0
51,1,1,1,125.0,120.0
1,1,3,1,140.0,141.5
17,1,1,1,111.0,111.4
1,1,1,1,132.0,136.6
1,1,1,1,150.0,154.6
18,1,4,1,118.0,111.4
43,0,1,1,150.0,120.1
39,0,2,19,100.0,100.0
39,1,1,3,130.0,140.0
43,0,1,3,130.0,130.0
39,1,1,19,133.1,100.0
1,1,1,1,112.0,106.1
1,0,1,1,144.0,151.4
18,1,2,1,120.0,113.7
1,1,1,1,121.0,116.5
7,0,1,4,120.0,120.0
39,1,1,1,100.0,122.0
17,1,5,1,115.0,117.1
1,1,2,1,123.0,120.8
1,1,1,1,134.0,141.4
39,1,1,1,123.0,110.0
43,0,1,2,120.0,120.0
17,1,1,1,131.0,120.2
39,0,1,12,133.1,138.4
44,1,1,39,150.0,150.0
17,1,5,1,134.0,121.8
44,1,1,39,140.0,140.0
1,1,1,1,117.0,116.3
1,0,2,1,143.0,131.5
17,1,2,1,142.0,141.0
17,1,1,1,132.0,138.0
17,1,4,1,138.0,127.5
1,1,1,1,131.0,127.0
17,1,2,1,123.0,118.9
1,1,1,1,131.0,134.5
17,1,1,1,141.0,133.0
39,1,1,1,133.1,114.0
17,1,1,1,116.0,116.7
1,1,3,1,123.0,125.1
17,1,1,1,133.0,137.2
39,0,1,1,133.1,111.4
1,1,1,1,133.1,105.0
18,1,2,1,140.0,124.3
39,1,1,19,100.0,132.0
39,1,2,1,130.0,110.0
1,1,5,1,134.0,134.7
1,1,1,1,134.0,136.8
44,1,1,39,160.0,160.0
44,1,1,39,130.0,130.0
1,1,1,1,141.0,128.8
1,1,1,1,147.0,148.4
1,1,1,1,137.0,130.4
39,1,1,3,130.0,126.0
1,1,6,1,119.0,118.7
39,1,1,1,130.0,120.0
39,1,1,1,130.0,120.0
44,1,1,39,120.0,116.3
1,1,1,1,130.0,133.9
39,0,1,39,150.0,150.3
17,1,1,1,120.0,118.3
44,1,1,39,130.0,130.0
43,1,1,39,140.0,140.0
17,1,6,1,130.0,110.4
17,1,4,1,147.0,139.7
1,1,1,1,148.0,138.3
1,1,5,1,133.0,123.2
42,1,1,1,135.0,120.0
39,1,1,1,116.0,127.0
44,1,1,39,110.0,114.2
1,1,4,1,133.0,119.7
44,1,1,39,150.0,150.0
1,1,6,1,135.0,123.5
7,0,1,3,130.0,130.0
43,1,1,1,130.0,124.6
17,1,1,1,132.0,119.4
1,1,1,1,125.0,121.9
1,1,3,1,118.0,110.0
17,1,1,1,118.0,118.7
1,1,1,1,161.0,163.1
17,1,1,1,136.0,121.7
15,1,1,1,135.0,135.0
39,0,1,1,147.0,147.9
1,1,1,1,124.0,118.1
39,0,1,19,133.1,105.3
1,1,1,1,141.0,139.8
7,0,1,3,130.0,130.0
39,0,1,39,110.0,127.5
39,1,1,12,133.1,120.0
43,1,2,1,130.0,124.2
17,1,1,1,120.0,113.4
1,1,4,1,133.1,118.0
17,1,1,1,145.0,130.0
1,1,1,1,131.0,135.9
1,1,2,1,147.0,135.8
1,1,1,1,138.0,133.1
1,1,1,1,123.0,118.8
1,1,2,1,129.0,117.1
1,1,1,1,125.0,114.5
1,1,1,1,131.0,127.2
42,1,1,1,100.0,130.0
17,1,1,1,120.0,116.1
17,1,2,1,145.0,130.5
39,1,1,1,120.0,104.0
17,1,2,1,140.0,128.5
17,1,5,1,134.0,126.0
1,1,1,1,140.0,141.1
17,1,2,1,107.0,102.8
17,1,5,1,133.0,129.2
1,1,1,1,127.0,119.3
1,1,5,1,141.0,126.3
44,1,1,39,140.0,140.0
1,1,3,1,150.0,131.5
1,1,6,1,140.0,137.6
1,1,1,1,141.0,142.8
39,0,1,1,150.0,146.2
1,1,2,1,160.0,162.1
39,1,1,19,133.1,140.0
39,0,1,1,133.1,120.0
43,1,1,1,134.0,133.3
1,1,4,1,130.0,124.8
17,1,4,1,140.0,133.3
17,1,1,1,145.0,141.8
1,1,3,1,133.0,128.2
17,1,3,1,133.1,115.0
17,1,1,1,132.0,123.6
1,1,2,1,117.0,120.2
1,1,1,1,127.0,127.0
17,1,1,1,134.0,120.4
39,0,1,1,120.0,120.0
1,1,1,1,136.0,120.0
1,1,3,1,137.0,133.9
1,1,6,1,118.0,113.5
39,1,1,1,130.0,126.1
1,1,1,1,124.0,121.2
7,1,1,40,150.0,150.0
43,0,1,1,161.0,100.0
17,1,6,1,143.0,127.3
43,0,1,1,130.0,103.8
39,1,1,19,133.1,131.0
39,0,1,1,110.0,133.9
7,1,1,2,140.0,140.0
1,1,2,1,145.0,121.4
1,1,1,1,131.0,122.0
39,0,2,1,141.0,150.5
1,1,1,1,145.0,139.4
1,1,1,1,122.0,112.6
17,1,1,1,118.0,115.2
1,0,1,1,150.0,131.8
43,1,1,2,120.0,122.8
1,1,1,1,167.0,156.2
39,1,1,1,150.0,132.0
7,1,1,3,130.0,130.0
1,1,1,1,151.0,138.4
39,0,1,1,120.0,146.2
1,1,4,1,168.0,166.0
17,1,3,1,153.0,133.1
1,1,2,1,131.0,121.9
5,1,4,1,116.0,110.4
39,1,1,1,160.0,121.4
1,1,1,1,152.0,137.0
39,0,1,1,133.1,140.0
7,1,1,3,150.0,140.0
18,1,2,1,168.0,126.8
17,1,3,1,137.0,124.8
39,1,1,19,133.1,120.0
1,1,4,1,160.0,133.0
1,1,1,1,145.0,127.5
1,1,1,1,138.0,131.7
39,1,1,1,100.0,133.0
43,0,1,1,140.0,122.7
1,1,1,1,124.0,121.2
44,1,1,39,150.0,150.0
43,1,1,1,125.0,133.4
43,1,1,1,143.0,121.2
1,1,1,1,137.0,129.3
39,1,1,19,133.1,117.8
43,1,2,1,136.0,131.3
1,1,1,1,132.0,133.8
44,1,1,39,120.0,120.0
1,1,6,1,125.0,122.2
1,1,2,1,120.0,119.0
1,1,1,1,154.0,149.5
1,1,1,1,180.0,153.8
10,1,1,1,152.0,152.0
